country;subnational1;threshold;area_ha;extent_2000_ha;extent_2010_ha;gain_2000-2012_ha;tc_loss_ha_2001;tc_loss_ha_2002;tc_loss_ha_2003;tc_loss_ha_2004;tc_loss_ha_2005;tc_loss_ha_2006;tc_loss_ha_2007;tc_loss_ha_2008;tc_loss_ha_2009;tc_loss_ha_2010;tc_loss_ha_2011;tc_loss_ha_2012;tc_loss_ha_2013;tc_loss_ha_2014;tc_loss_ha_2015;tc_loss_ha_2016;tc_loss_ha_2017;tc_loss_ha_2018;tc_loss_ha_2019;tc_loss_ha_2020;tc_loss_ha_2021;tc_loss_ha_2022;tc_loss_ha_2023;tc_loss_ha_2024
Turkey;Adana;0;1583495;1583495;1583495;24842;653;878;1302;1037;1140;1344;1734;1613;1108;1964;1488;2249;1953;2088;2342;2346;2581;3387;3646;5483;8631;5271;8450;3710
Turkey;Adana;10;1583495;293785;247222;24842;588;782;1188;896;1016;1170;1418;1366;960;1625;1282;1942;1617;1720;1912;1742;1966;2681;2816;4312;6279;3457;4700;2575
Turkey;Adana;15;1583495;260700;210418;24842;496;684;1094;821;915;1045;1275;1227;891;1483;1181;1818;1536;1631;1827;1637;1861;2561;2668;4081;5824;3208;4441;2461
Turkey;Adana;20;1583495;244133;201877;24842;473;656;1053;792;877;991;1186;1152;848;1396;1122;1741;1449;1539;1717;1541;1768;2434;2540;3858;5425;3015;4195;2344
Turkey;Adana;25;1583495;200586;177347;24842;467;647;1044;783;864;981;1166;1140;841;1377;1107;1670;1225;1288;1445;1301;1519;2103;2186;3311;4454;2540;3617;2048
Turkey;Adana;30;1583495;178411;169463;24842;455;640;1037;777;860;977;1158;1133;838;1364;1096;1620;1033;1085;1214;1099;1295;1824;1902;2890;3823;2210;3100;1807
Turkey;Adana;50;1583495;101977;72407;24842;270;377;654;511;590;658;749;765;613;940;784;1105;613;607;754;654;787;1110;1139;1804;2330;1357;1887;1143
Turkey;Adana;75;1583495;53358;31779;24842;81;139;241;211;194;233;269;287;235;376;346;531;263;238;358;283;349;550;563;894;1205;705;1073;655
Turkey;Adiyaman;0;742049;742049;742049;2165;18;8;3;10;3;20;3;9;14;4;4;13;2;26;12;9;4;4;37;50;37;10;84;17
Turkey;Adiyaman;10;742049;6587;5107;2165;10;4;2;4;3;5;2;5;5;2;3;4;1;14;2;1;1;0;6;12;8;2;14;12
Turkey;Adiyaman;15;742049;4853;4314;2165;9;4;2;4;2;4;2;5;5;2;2;4;0;14;2;1;1;0;6;11;8;1;12;11
Turkey;Adiyaman;20;742049;4228;4211;2165;9;3;2;4;2;3;2;5;5;1;2;3;0;14;1;1;1;0;6;10;8;1;12;11
Turkey;Adiyaman;25;742049;3166;3624;2165;9;3;2;4;2;3;2;5;5;1;2;3;0;13;1;0;0;0;6;10;6;1;10;10
Turkey;Adiyaman;30;742049;2631;3392;2165;9;3;2;4;2;3;2;5;4;1;2;2;0;12;1;0;0;0;5;8;6;1;8;10
Turkey;Adiyaman;50;742049;1366;1410;2165;8;2;1;3;1;1;1;4;3;1;1;2;0;7;1;0;0;0;4;7;5;0;4;6
Turkey;Adiyaman;75;742049;485;637;2165;4;1;1;1;0;0;1;1;1;0;0;1;0;2;0;0;0;0;0;2;3;0;1;2
Turkey;Afyon;0;1474741;1474741;1474741;6795;166;218;85;98;75;91;200;131;252;127;303;210;167;192;163;259;180;415;269;243;339;228;688;285
Turkey;Afyon;10;1474741;96000;51099;6795;150;205;75;80;62;76;184;115;209;118;150;180;113;121;134;192;158;382;230;158;280;173;573;218
Turkey;Afyon;15;1474741;87263;43771;6795;146;197;74;73;61;73;177;109;200;110;121;167;108;118;131;177;151;377;223;155;274;166;560;213
Turkey;Afyon;20;1474741;82349;42496;6795;144;195;73;73;61;73;175;107;197;107;117;164;100;114;128;168;145;371;216;153;268;162;544;207
Turkey;Afyon;25;1474741;73924;33770;6795;144;193;73;73;61;71;175;106;197;107;116;162;85;108;123;142;130;353;192;138;250;154;520;197
Turkey;Afyon;30;1474741;70428;32853;6795;142;192;72;71;61;71;175;106;196;107;114;158;74;105;119;128;123;339;182;131;243;150;499;185
Turkey;Afyon;50;1474741;52416;16872;6795;133;147;65;61;57;63;153;93;174;84;81;120;55;92;97;95;101;284;118;106;202;121;422;157
Turkey;Afyon;75;1474741;33488;6525;6795;110;81;55;56;51;49;113;60;128;58;49;76;29;67;53;61;75;204;75;64;146;74;272;118
Turkey;Agri;0;1030027;1030027;1030027;221;2;3;1;5;1;1;1;0;1;1;3;2;3;1;0;0;0;0;0;0;0;0;4;3
Turkey;Agri;10;1030027;2890;391;221;1;2;1;3;0;1;0;0;1;0;1;0;1;0;0;0;0;0;0;0;0;0;1;0
Turkey;Agri;15;1030027;1549;270;221;1;2;1;2;0;1;0;0;1;0;1;0;1;0;0;0;0;0;0;0;0;0;1;0
Turkey;Agri;20;1030027;1048;256;221;1;2;1;2;0;0;0;0;1;0;1;0;1;0;0;0;0;0;0;0;0;0;1;0
Turkey;Agri;25;1030027;723;207;221;1;2;1;2;0;0;0;0;1;0;1;0;0;0;0;0;0;0;0;0;0;0;1;0
Turkey;Agri;30;1030027;641;180;221;1;2;1;2;0;0;0;0;1;0;1;0;0;0;0;0;0;0;0;0;0;0;1;0
Turkey;Agri;50;1030027;291;54;221;1;2;1;1;0;0;0;0;0;0;1;0;0;0;0;0;0;0;0;0;0;0;0;0
Turkey;Agri;75;1030027;93;7;221;0;1;1;0;0;0;0;0;0;0;1;0;0;0;0;0;0;0;0;0;0;0;0;0
Turkey;Aksaray;0;763082;763082;763082;109;23;12;1;99;3;4;2;1;40;5;0;4;3;1;3;0;1;0;3;2;5;0;1;2
Turkey;Aksaray;10;763082;2047;1022;109;18;7;1;63;1;3;2;0;36;3;0;2;1;0;0;0;0;0;1;2;0;0;0;0
Turkey;Aksaray;15;763082;1824;877;109;17;7;1;55;1;2;2;0;35;3;0;2;1;0;0;0;0;0;1;2;0;0;0;0
Turkey;Aksaray;20;763082;1579;858;109;17;7;1;54;1;2;2;0;35;3;0;2;1;0;0;0;0;0;1;2;0;0;0;0
Turkey;Aksaray;25;763082;1469;803;109;17;7;1;53;1;2;2;0;35;3;0;2;1;0;0;0;0;0;1;2;0;0;0;0
Turkey;Aksaray;30;763082;1396;732;109;17;7;1;52;1;2;2;0;34;3;0;2;1;0;0;0;0;0;1;2;0;0;0;0
Turkey;Aksaray;50;763082;926;305;109;11;5;0;35;1;1;1;0;29;1;0;2;1;0;0;0;0;0;1;1;0;0;0;0
Turkey;Aksaray;75;763082;258;105;109;4;2;0;9;0;0;0;0;16;0;0;0;1;0;0;0;0;0;0;1;0;0;0;0
Turkey;Amasya;0;621249;621249;621249;4353;86;342;24;345;150;64;116;61;75;83;172;110;57;69;79;63;60;101;160;86;231;105;215;94
Turkey;Amasya;10;621249;127230;107672;4353;77;296;20;274;128;51;88;50;54;69;148;90;48;58;62;52;42;76;121;58;161;67;141;68
Turkey;Amasya;15;621249;118509;98891;4353;76;290;20;263;125;50;84;49;53;68;143;88;47;57;60;51;39;75;119;56;157;65;138;66
Turkey;Amasya;20;621249;114146;97308;4353;76;288;20;259;125;50;83;49;52;67;141;86;45;55;55;50;37;72;116;54;150;63;134;64
Turkey;Amasya;25;621249;106275;91460;4353;75;286;19;256;122;50;82;48;51;66;141;85;45;54;47;49;35;69;114;53;144;59;130;62
Turkey;Amasya;30;621249;100972;88060;4353;75;285;19;254;122;50;81;48;50;66;140;84;44;51;40;46;33;67;110;49;137;55;126;60
Turkey;Amasya;50;621249;82990;62809;4353;59;227;16;193;102;46;66;40;43;57;124;70;38;44;21;33;24;54;94;37;110;41;101;50
Turkey;Amasya;75;621249;57079;36067;4353;37;150;8;125;67;30;41;26;22;43;97;51;25;23;11;23;12;29;58;18;58;19;59;31
Turkey;Ankara;0;2574917;2574917;2574917;7822;44;96;38;77;44;64;86;59;103;46;90;50;73;49;88;354;359;286;423;612;924;203;578;389
Turkey;Ankara;10;2574917;170236;117886;7822;18;81;29;42;29;46;52;40;80;40;76;35;61;40;83;319;250;266;389;577;679;172;500;306
Turkey;Ankara;15;2574917;148810;103280;7822;15;77;28;37;27;45;49;36;78;39;73;32;60;40;83;306;223;262;383;571;632;168;491;296
Turkey;Ankara;20;2574917;140163;101411;7822;14;76;28;34;26;43;46;36;76;39;71;31;60;38;80;281;206;257;376;549;572;162;479;282
Turkey;Ankara;25;2574917;121462;85026;7822;13;75;27;32;26;42;46;35;76;39;71;29;58;34;77;241;170;250;363;518;474;150;448;254
Turkey;Ankara;30;2574917;111677;82649;7822;13;74;27;32;25;41;45;35;76;38;71;29;57;32;73;211;149;245;354;476;430;144;433;235
Turkey;Ankara;50;2574917;81101;53253;7822;7;60;23;21;19;33;36;28;68;34;61;23;50;28;62;151;115;224;298;395;346;123;357;189
Turkey;Ankara;75;2574917;56232;27093;7822;3;38;16;9;8;20;18;17;52;21;54;14;39;22;48;101;85;186;224;295;241;98;271;136
Turkey;Antalya;0;2116663;2116663;2116663;27332;1715;683;1316;1838;982;2397;2219;7159;6512;985;2802;1627;2108;2709;2930;3935;5053;4122;3175;4318;21536;25926;5358;3992
Turkey;Antalya;10;2116663;546331;413832;27332;1563;620;1210;1614;848;2092;1886;6106;5905;835;2419;1303;1750;2145;2380;2931;3936;3206;2532;3431;16040;17039;3909;3081
Turkey;Antalya;15;2116663;480884;348049;27332;1423;587;1148;1510;798;1959;1746;5721;5635;773;2256;1239;1683;2051;2266;2745;3699;3000;2392;3259;15017;15824;3681;2914
Turkey;Antalya;20;2116663;449585;331648;27332;1369;560;1108;1448;764;1879;1669;5452;5462;741;2170;1195;1601;1920;2104;2520;3423;2787;2256;3080;14030;14908;3461;2758
Turkey;Antalya;25;2116663;368354;271207;27332;1361;555;1098;1434;757;1856;1653;5410;5440;736;2148;1145;1397;1601;1747;2064;2857;2291;1895;2601;11656;12900;2967;2358
Turkey;Antalya;30;2116663;325694;259061;27332;1342;552;1087;1421;753;1842;1646;5385;5414;730;2127;1121;1260;1381;1486;1738;2455;1970;1713;2289;10179;11524;2606;2123
Turkey;Antalya;50;2116663;198784;105402;27332;934;388;804;1050;554;1331;1179;4140;4426;551;1525;830;840;831;926;1040;1579;1184;1100;1508;6402;8011;1697;1414
Turkey;Antalya;75;2116663;85404;19672;27332;463;177;404;561;254;643;545;1912;2394;215;725;404;317;289;344;373;687;437;422;552;1944;3002;681;594
Turkey;Ardahan;0;478670;478670;478670;4386;6;19;1;4;0;7;15;6;3;11;17;16;21;19;2;25;5;21;48;77;26;241;119;145
Turkey;Ardahan;10;478670;41954;42861;4386;6;19;1;4;0;7;15;5;3;10;17;14;17;18;2;24;3;21;48;72;26;233;108;131
Turkey;Ardahan;15;478670;39780;39093;4386;5;19;1;4;0;7;15;5;3;10;16;14;17;17;2;24;3;21;48;72;26;232;108;131
Turkey;Ardahan;20;478670;38833;38746;4386;5;19;1;4;0;7;15;5;3;10;16;14;17;17;2;24;3;21;48;71;26;232;108;131
Turkey;Ardahan;25;478670;37840;36148;4386;5;19;1;4;0;7;15;5;3;10;16;13;17;16;2;24;3;21;48;71;26;231;107;130
Turkey;Ardahan;30;478670;36596;34796;4386;5;19;1;4;0;7;15;5;3;10;16;13;17;16;2;24;3;21;48;70;26;231;107;129
Turkey;Ardahan;50;478670;30242;25561;4386;5;18;1;4;0;6;15;5;3;9;13;10;14;12;1;24;3;21;47;63;26;208;103;123
Turkey;Ardahan;75;478670;17227;9046;4386;4;16;1;3;0;3;12;2;2;7;8;6;6;3;0;18;2;14;32;32;17;117;66;91
Turkey;Artvin;0;776914;776914;776914;5241;55;41;7;291;69;90;151;333;153;152;174;145;92;86;92;369;279;212;214;171;79;166;275;258
Turkey;Artvin;10;776914;378704;327003;5241;50;37;7;281;62;84;139;323;126;135;149;128;84;83;91;363;274;210;212;171;78;158;177;246
Turkey;Artvin;15;776914;363231;312205;5241;50;37;7;279;62;84;138;322;125;134;146;127;83;81;91;361;273;210;212;171;78;157;173;243
Turkey;Artvin;20;776914;355353;309382;5241;48;36;6;277;62;83;134;316;121;132;139;123;82;80;91;360;273;210;212;171;78;157;170;243
Turkey;Artvin;25;776914;343661;296754;5241;48;36;6;274;61;83;134;315;119;130;138;122;80;79;90;360;272;209;212;171;77;157;162;241
Turkey;Artvin;30;776914;334331;290274;5241;48;36;6;274;61;83;134;315;118;129;138;121;80;79;90;358;270;208;212;170;76;156;157;240
Turkey;Artvin;50;776914;297257;247376;5241;42;33;6;262;55;77;123;296;105;118;115;103;73;71;89;346;263;203;210;167;76;150;142;231
Turkey;Artvin;75;776914;232151;153618;5241;30;22;6;220;44;64;99;254;85;91;88;80;58;58;83;307;224;179;189;158;67;127;118;204
Turkey;Aydin;0;800636;800636;800636;7479;670;771;727;828;869;1587;1191;1412;813;700;987;1063;1040;1142;2011;1716;2049;1803;2035;2245;3208;1942;1677;2488
Turkey;Aydin;10;800636;203846;168630;7479;625;709;649;734;737;1392;982;1225;709;590;880;945;904;941;1599;1303;1637;1316;1639;1807;2338;1244;967;1806
Turkey;Aydin;15;800636;178981;151272;7479;596;682;621;706;704;1355;921;1178;687;569;853;911;871;893;1510;1238;1570;1253;1566;1723;2209;1101;896;1716
Turkey;Aydin;20;800636;169371;146147;7479;585;664;607;685;683;1332;900;1154;674;553;839;896;845;869;1456;1198;1513;1209;1492;1642;2116;1046;858;1658
Turkey;Aydin;25;800636;142941;137771;7479;576;655;592;673;668;1290;874;1124;659;546;829;878;770;781;1293;1064;1369;1088;1325;1451;1866;880;754;1483
Turkey;Aydin;30;800636;125746;132451;7479;573;652;585;666;662;1281;864;1114;651;542;821;865;704;708;1184;953;1258;1009;1192;1314;1655;771;679;1312
Turkey;Aydin;50;800636;85392;89875;7479;460;501;443;523;489;1049;647;891;531;451;708;729;501;508;825;642;875;736;884;916;1083;482;484;884
Turkey;Aydin;75;800636;51381;50440;7479;309;313;262;321;264;704;408;602;346;304;498;506;298;298;447;310;466;434;521;463;617;289;281;481
Turkey;Balikesir;0;1471390;1471390;1471390;10096;1434;3045;927;951;1269;943;1518;1113;1472;1019;1834;2817;2396;1835;2132;2115;2696;2957;4576;3141;4521;2345;4915;2400
Turkey;Balikesir;10;1471390;558110;525966;10096;1400;2965;904;892;1202;881;1428;1053;1365;966;1760;2643;2196;1635;1938;1879;2196;2631;4192;2886;4184;2089;4381;2006
Turkey;Balikesir;15;1471390;526192;496832;10096;1377;2905;895;870;1182;860;1400;1028;1309;940;1739;2611;2155;1600;1913;1842;2144;2576;4138;2848;4120;2048;4310;1952
Turkey;Balikesir;20;1471390;512520;492067;10096;1371;2892;891;863;1174;852;1393;1021;1302;936;1731;2594;2132;1578;1892;1818;2101;2530;4095;2816;4080;2021;4248;1915
Turkey;Balikesir;25;1471390;486902;476530;10096;1366;2881;888;855;1171;849;1385;1016;1292;929;1723;2565;2077;1520;1839;1765;2024;2430;4008;2748;3961;1949;4143;1845
Turkey;Balikesir;30;1471390;458651;462083;10096;1361;2830;882;850;1166;843;1377;1009;1279;926;1712;2529;2009;1460;1786;1704;1922;2325;3893;2672;3853;1877;4020;1754
Turkey;Balikesir;50;1471390;384115;363120;10096;1239;2470;804;747;1062;748;1212;886;1129;836;1529;2221;1752;1259;1569;1483;1596;1970;3444;2345;3381;1649;3574;1483
Turkey;Balikesir;75;1471390;278629;270512;10096;1014;1993;692;563;837;580;911;632;809;627;1186;1670;1184;874;1119;998;1070;1366;2517;1668;2371;1196;2612;1082
Turkey;Bartın;0;258495;258495;258495;2192;33;52;82;90;53;111;116;66;87;105;156;112;89;129;121;258;460;340;206;220;319;400;546;367
Turkey;Bartın;10;258495;171104;158359;2192;32;48;80;87;49;105;105;64;77;101;151;109;83;122;104;227;413;295;179;177;261;336;443;331
Turkey;Bartın;15;258495;166991;152950;2192;32;48;80;87;48;104;105;64;76;101;150;108;83;121;103;225;406;288;177;169;255;332;436;328
Turkey;Bartın;20;258495;165381;151809;2192;31;48;80;87;48;104;104;64;76;101;150;108;82;121;101;224;403;286;174;166;252;329;431;326
Turkey;Bartın;25;258495;162544;149568;2192;31;48;79;87;47;102;103;62;75;100;150;108;82;120;100;221;399;283;173;163;249;325;427;324
Turkey;Bartın;30;258495;157452;146247;2192;31;48;79;87;47;102;103;62;75;100;150;108;81;119;96;217;389;277;169;154;242;320;420;320
Turkey;Bartın;50;258495;146747;132645;2192;28;45;73;83;43;96;98;59;70;96;146;104;79;115;82;205;369;255;160;141;220;302;390;308
Turkey;Bartın;75;258495;127418;84068;2192;15;28;35;59;32;78;74;48;50;69;128;92;71;100;64;167;315;220;128;109;174;256;333;280
Turkey;Batman;0;434555;434555;434555;766;12;3;2;8;6;4;10;12;7;5;3;11;20;5;0;0;0;0;4;2;0;0;16;10
Turkey;Batman;10;434555;1877;612;766;5;1;0;4;3;1;6;4;3;2;1;2;9;0;0;0;0;0;4;2;0;0;10;3
Turkey;Batman;15;434555;1596;484;766;5;1;0;4;3;1;6;3;3;2;0;2;8;0;0;0;0;0;4;2;0;0;8;3
Turkey;Batman;20;434555;1324;466;766;4;1;0;4;2;1;6;3;3;2;0;1;7;0;0;0;0;0;2;2;0;0;6;3
Turkey;Batman;25;434555;1078;314;766;4;0;0;4;2;1;6;3;3;2;0;1;7;0;0;0;0;0;2;2;0;0;6;2
Turkey;Batman;30;434555;976;290;766;4;0;0;4;2;1;6;3;3;2;0;1;7;0;0;0;0;0;2;1;0;0;5;2
Turkey;Batman;50;434555;498;78;766;3;0;0;3;1;0;5;2;3;1;0;1;4;0;0;0;0;0;1;1;0;0;1;0
Turkey;Batman;75;434555;77;11;766;1;0;0;1;0;0;3;0;0;1;0;0;1;0;0;0;0;0;0;0;0;0;0;0
Turkey;Bayburt;0;339161;339161;339161;579;8;1;0;8;5;3;1;11;2;6;5;3;1;1;1;2;0;0;0;0;0;0;6;4
Turkey;Bayburt;10;339161;6241;2694;579;8;1;0;8;3;2;1;3;1;3;4;2;0;1;0;2;0;0;0;0;0;0;2;1
Turkey;Bayburt;15;339161;4476;2283;579;8;1;0;8;3;2;1;3;1;3;4;2;0;1;0;2;0;0;0;0;0;0;2;1
Turkey;Bayburt;20;339161;4238;2223;579;8;1;0;8;3;2;1;3;1;3;4;2;0;1;0;2;0;0;0;0;0;0;1;1
Turkey;Bayburt;25;339161;3401;1940;579;8;1;0;8;3;2;1;3;1;3;4;2;0;1;0;2;0;0;0;0;0;0;1;1
Turkey;Bayburt;30;339161;3129;1783;579;8;1;0;8;3;2;1;3;1;3;4;2;0;1;0;2;0;0;0;0;0;0;1;1
Turkey;Bayburt;50;339161;2023;641;579;8;1;0;7;2;2;1;3;1;3;3;2;0;1;0;1;0;0;0;0;0;0;1;1
Turkey;Bayburt;75;339161;724;32;579;6;0;0;5;1;2;1;1;1;1;2;2;0;1;0;1;0;0;0;0;0;0;0;0
Turkey;Bilecik;0;464610;464610;464610;6169;1133;243;109;1192;368;430;354;262;471;150;287;372;229;269;357;284;631;811;599;884;1418;867;1275;731
Turkey;Bilecik;10;464610;174460;148332;6169;1068;232;102;1136;348;398;297;225;393;127;260;333;199;216;324;232;546;657;486;769;1255;690;1037;603
Turkey;Bilecik;15;464610;155592;130626;6169;1041;226;100;1101;341;386;277;211;366;122;252;320;189;196;316;218;519;590;459;739;1210;633;989;574
Turkey;Bilecik;20;464610;147205;127554;6169;1005;223;98;1078;339;381;257;204;349;119;249;314;178;182;311;207;505;564;426;704;1139;589;954;557
Turkey;Bilecik;25;464610;130654;116847;6169;970;221;97;1062;338;379;254;202;343;118;247;301;158;155;297;187;477;519;369;641;1021;491;865;509
Turkey;Bilecik;30;464610;117538;112363;6169;965;220;96;1045;337;378;250;198;337;116;244;286;126;126;284;169;445;476;315;548;849;404;761;468
Turkey;Bilecik;50;464610;85096;71039;6169;697;196;85;791;309;337;168;138;236;99;210;221;64;65;241;138;324;328;199;355;569;233;524;342
Turkey;Bilecik;75;464610;59339;38875;6169;373;134;57;385;225;256;80;61;125;69;146;148;26;35;202;99;200;222;120;191;371;117;347;240
Turkey;Bingöl;0;813381;813381;813381;3158;79;6;1;28;7;10;13;27;31;21;11;29;32;12;3;3;2;0;4;12;21;41;191;99
Turkey;Bingöl;10;813381;34600;12063;3158;72;2;0;23;7;9;10;22;28;17;7;22;25;11;3;2;0;0;4;11;21;39;154;68
Turkey;Bingöl;15;813381;30833;10462;3158;70;2;0;23;7;9;10;22;27;17;7;21;24;10;2;2;0;0;4;11;21;39;153;66
Turkey;Bingöl;20;813381;28968;10289;3158;69;2;0;21;7;9;10;22;27;17;7;21;24;10;2;2;0;0;4;11;21;39;151;65
Turkey;Bingöl;25;813381;25804;9484;3158;68;2;0;21;6;9;10;22;27;16;7;21;23;10;2;2;0;0;4;11;21;37;149;64
Turkey;Bingöl;30;813381;23640;8807;3158;68;2;0;21;6;9;10;22;27;16;7;20;23;10;2;2;0;0;4;11;21;37;147;62
Turkey;Bingöl;50;813381;17449;3183;3158;61;1;0;20;6;7;9;21;27;15;6;18;22;9;2;1;0;0;4;10;21;36;138;57
Turkey;Bingöl;75;813381;9465;597;3158;50;0;0;16;2;3;7;14;22;9;4;11;19;7;1;1;0;0;2;8;19;28;111;42
Turkey;Bitlis;0;866741;866741;866741;3966;84;20;33;27;18;25;36;55;37;46;26;29;33;26;9;2;1;0;54;117;114;266;697;919
Turkey;Bitlis;10;866741;25199;7236;3966;69;15;27;14;5;17;24;35;23;37;18;10;14;14;8;2;0;0;45;101;100;240;442;588
Turkey;Bitlis;15;866741;23374;6244;3966;63;15;27;11;5;15;22;34;23;35;17;10;13;14;8;2;0;0;45;100;99;239;431;577
Turkey;Bitlis;20;866741;21498;6108;3966;59;15;27;9;4;14;21;34;22;35;17;10;13;14;7;2;0;0;43;98;97;229;405;552
Turkey;Bitlis;25;866741;20170;5158;3966;58;15;26;9;4;14;21;34;22;35;17;9;12;13;7;2;0;0;43;97;96;228;398;541
Turkey;Bitlis;30;866741;19365;4733;3966;58;15;26;9;4;14;21;34;22;35;17;9;12;13;6;2;0;0;41;97;95;226;389;530
Turkey;Bitlis;50;866741;13700;2001;3966;43;13;23;6;2;7;16;30;17;31;12;6;8;10;5;0;0;0;35;88;82;208;319;444
Turkey;Bitlis;75;866741;7455;440;3966;32;8;13;4;2;5;8;9;9;17;5;3;4;5;4;0;0;0;20;63;35;158;218;273
Turkey;Bolu;0;826960;826960;826960;9466;62;204;222;270;81;205;254;210;364;196;423;170;170;308;495;398;584;1233;511;1015;2010;681;1755;3877
Turkey;Bolu;10;826960;466154;427816;9466;59;190;205;263;73;184;238;198;351;186;405;152;157;271;466;346;533;1165;479;974;1926;639;1631;2981
Turkey;Bolu;15;826960;446557;407192;9466;56;186;200;259;71;181;231;194;346;185;402;149;154;260;459;330;522;1129;475;968;1899;631;1608;2791
Turkey;Bolu;20;826960;436749;403943;9466;56;185;198;258;71;180;230;193;345;184;401;147;150;248;452;322;505;1108;471;961;1862;623;1589;2609
Turkey;Bolu;25;826960;418466;383805;9466;55;184;197;257;70;178;229;192;344;183;400;145;144;230;439;304;478;1068;462;947;1820;606;1558;2264
Turkey;Bolu;30;826960;404305;378750;9466;53;184;196;256;70;177;228;191;342;182;399;143;139;212;428;289;434;1024;451;932;1769;592;1515;2086
Turkey;Bolu;50;826960;351924;314770;9466;36;167;175;229;59;163;200;177;319;175;376;128;118;173;395;250;332;846;377;839;1564;513;1324;1534
Turkey;Bolu;75;826960;302968;236713;9466;17;128;119;165;37;114;115;148;262;157;331;110;96;129;355;212;274;746;314;736;1334;430;1096;1175
Turkey;Burdur;0;725529;725529;725529;10302;558;386;359;425;432;794;518;662;684;461;708;590;765;813;752;704;899;1190;1217;1594;1972;1093;2279;552
Turkey;Burdur;10;725529;117969;66200;10302;515;340;334;374;386;711;416;576;596;391;621;498;597;705;664;617;764;1015;1033;1400;1631;846;1752;448
Turkey;Burdur;15;725529;99454;50593;10302;452;283;293;317;332;616;342;498;533;353;567;457;561;684;641;600;738;978;994;1356;1561;802;1656;421
Turkey;Burdur;20;725529;94188;48212;10302;446;275;290;314;324;605;329;474;511;333;544;444;537;664;622;584;713;951;946;1309;1509;764;1590;408
Turkey;Burdur;25;725529;75380;31648;10302;445;274;289;312;323;602;328;473;509;332;543;435;461;598;550;523;630;857;841;1197;1345;682;1383;360
Turkey;Burdur;30;725529;65618;30869;10302;440;272;288;311;321;599;324;471;505;331;539;429;390;528;494;466;544;759;729;1040;1190;587;1198;321
Turkey;Burdur;50;725529;35316;8400;10302;323;180;219;236;237;487;217;344;372;228;367;284;207;345;316;275;324;453;479;636;714;408;742;193
Turkey;Burdur;75;725529;15901;1518;10302;197;96;142;122;108;254;97;156;179;114;201;116;86;167;141;120;145;218;213;276;345;198;342;93
Turkey;Bursa;0;1086330;1086330;1086330;9520;846;677;364;1444;709;958;1207;1254;914;748;1181;1216;938;1571;2015;1519;2335;2020;1944;2311;3998;2288;3954;3053
Turkey;Bursa;10;1086330;452155;424401;9520;818;648;346;1358;663;884;1124;1185;846;693;1122;1134;806;1305;1817;1253;1812;1671;1641;1991;3487;1866;3006;2502
Turkey;Bursa;15;1086330;430480;399457;9520;806;637;339;1344;648;872;1099;1154;822;675;1102;1116;793;1277;1792;1221;1760;1635;1608;1956;3418;1813;2912;2388
Turkey;Bursa;20;1086330;419948;396073;9520;803;633;338;1335;645;866;1090;1143;814;670;1094;1109;777;1255;1764;1198;1711;1598;1574;1900;3341;1748;2823;2298
Turkey;Bursa;25;1086330;398694;377722;9520;799;629;335;1328;641;860;1075;1132;805;663;1086;1092;751;1207;1710;1154;1618;1511;1490;1778;3136;1618;2648;2122
Turkey;Bursa;30;1086330;375610;368537;9520;790;628;333;1322;638;855;1068;1122;798;659;1081;1083;728;1158;1645;1101;1520;1399;1384;1626;2897;1472;2436;1921
Turkey;Bursa;50;1086330;324406;299647;9520;722;559;288;1218;585;790;923;953;704;604;965;970;651;1026;1464;956;1261;1140;1143;1311;2335;1146;1926;1499
Turkey;Bursa;75;1086330;264247;209713;9520;617;457;229;990;504;650;656;703;521;488;768;788;512;810;1180;745;934;833;818;970;1762;810;1387;1083
Turkey;Denizli;0;1089462;1089462;1089462;17111;761;907;560;810;714;1278;1303;1140;1149;1125;1128;1138;1205;1112;1354;1275;1682;1925;1771;2862;3133;1402;2480;1474
Turkey;Denizli;10;1089462;220286;144731;17111;616;775;488;678;590;1041;1077;951;989;951;953;918;1012;931;1161;1080;1446;1628;1526;2512;2585;1027;1963;1234
Turkey;Denizli;15;1089462;180985;117738;17111;410;584;373;521;444;802;884;796;852;833;860;824;953;872;1097;1011;1356;1541;1434;2392;2450;957;1819;1163
Turkey;Denizli;20;1089462;166581;112152;17111;397;564;365;499;427;777;852;769;805;803;822;789;870;796;1002;931;1250;1445;1326;2205;2255;890;1697;1081
Turkey;Denizli;25;1089462;130919;84218;17111;396;559;363;496;425;771;845;765;802;800;816;770;747;676;882;798;1069;1283;1136;1945;1911;753;1469;934
Turkey;Denizli;30;1089462;112563;82775;17111;394;552;355;492;424;768;841;762;800;794;807;755;608;530;701;647;876;1085;935;1597;1589;649;1236;804
Turkey;Denizli;50;1089462;63601;40665;17111;164;306;182;266;245;480;518;453;498;507;494;446;352;283;396;365;542;655;538;914;950;423;767;505
Turkey;Denizli;75;1089462;35809;15127;17111;65;149;45;87;71;170;236;199;260;228;227;226;141;100;182;179;304;344;283;425;479;223;396;292
Turkey;Diyarbakir;0;1481133;1481133;1481133;1588;44;7;8;72;6;7;8;11;31;12;13;44;19;19;1;0;0;0;2;0;16;1;58;25
Turkey;Diyarbakir;10;1481133;20191;6547;1588;24;4;5;51;3;3;4;4;17;4;7;9;3;5;1;0;0;0;2;0;15;0;25;6
Turkey;Diyarbakir;15;1481133;17090;5754;1588;22;4;5;48;3;2;4;3;16;4;5;9;2;4;1;0;0;0;2;0;15;0;24;6
Turkey;Diyarbakir;20;1481133;15026;5657;1588;21;4;5;46;2;2;4;3;15;4;5;9;2;3;1;0;0;0;2;0;15;0;24;5
Turkey;Diyarbakir;25;1481133;13264;4870;1588;20;4;5;45;2;2;4;3;15;4;5;8;2;1;1;0;0;0;2;0;15;0;22;5
Turkey;Diyarbakir;30;1481133;12353;4659;1588;20;4;5;44;2;2;4;3;15;4;5;8;2;1;1;0;0;0;2;0;15;0;20;4
Turkey;Diyarbakir;50;1481133;8142;2433;1588;16;2;5;33;1;1;2;2;7;2;3;7;1;0;1;0;0;0;2;0;15;0;19;4
Turkey;Diyarbakir;75;1481133;4175;949;1588;5;2;3;2;0;0;0;1;4;0;0;3;0;0;1;0;0;0;2;0;13;0;14;1
Turkey;Düzce;0;238842;238842;238842;1030;116;73;74;146;73;143;185;152;158;115;192;93;109;207;227;219;340;226;284;283;308;241;637;465
Turkey;Düzce;10;238842;189985;177469;1030;111;71;71;141;70;138;178;148;157;113;191;89;102;193;177;162;256;171;200;189;227;185;443;410
Turkey;Düzce;15;238842;188219;173486;1030;111;71;71;141;70;138;178;147;157;113;191;88;101;192;176;159;253;170;196;186;225;183;436;408
Turkey;Düzce;20;238842;186906;172044;1030;110;70;71;140;70;138;178;147;157;113;191;88;101;192;174;155;249;168;194;184;223;182;429;406
Turkey;Düzce;25;238842;185059;169771;1030;110;70;70;140;70;137;177;146;156;113;190;88;101;191;173;153;248;167;192;182;221;181;425;405
Turkey;Düzce;30;238842;182545;168080;1030;109;70;70;140;70;137;177;146;155;113;190;87;100;189;168;147;241;162;186;175;218;175;417;401
Turkey;Düzce;50;238842;175370;153971;1030;105;66;68;138;69;131;168;142;151;111;188;86;98;185;158;134;226;153;166;160;207;162;385;387
Turkey;Düzce;75;238842;158128;120058;1030;96;56;58;124;57;111;136;126;141;100;180;80;93;177;141;111;202;136;138;132;182;137;331;357
Turkey;Edirne;0;612695;612695;612695;3854;1221;290;223;112;236;136;90;122;88;103;135;601;309;614;394;586;683;564;351;692;1297;599;485;385
Turkey;Edirne;10;612695;72461;58890;3854;1194;279;213;107;226;118;77;95;72;95;112;561;274;548;325;404;524;480;271;497;1064;395;387;299
Turkey;Edirne;15;612695;69541;54675;3854;1193;279;212;107;225;115;76;92;71;94;110;557;271;539;317;394;513;473;267;489;1051;384;378;294
Turkey;Edirne;20;612695;68102;54030;3854;1187;277;212;106;223;115;74;92;70;94;110;555;269;536;314;388;506;468;264;483;1033;376;373;288
Turkey;Edirne;25;612695;65049;52241;3854;1178;276;212;106;223;114;74;91;69;93;109;553;264;528;306;373;490;459;258;475;1014;360;365;284
Turkey;Edirne;30;612695;61037;50351;3854;1176;276;211;106;223;114;74;91;69;93;109;548;259;520;298;361;473;451;253;465;986;340;349;278
Turkey;Edirne;50;612695;48771;36972;3854;1094;258;201;101;214;105;66;81;63;87;96;515;224;469;253;310;418;401;229;416;815;263;309;249
Turkey;Edirne;75;612695;32155;18309;3854;837;203;177;75;155;71;47;58;41;68;55;424;154;356;160;214;310;280;176;310;557;166;238;195
Turkey;Elazığ;0;928583;928583;928583;1775;8;1;3;6;8;6;10;17;19;3;3;24;23;3;3;0;3;1;1;2;12;4;31;12
Turkey;Elazığ;10;928583;7040;2687;1775;2;0;1;4;5;1;5;13;14;1;0;11;14;1;2;0;0;1;0;0;11;1;15;4
Turkey;Elazığ;15;928583;5588;2139;1775;2;0;1;4;5;1;5;13;14;0;0;11;13;0;1;0;0;1;0;0;11;1;15;4
Turkey;Elazığ;20;928583;5251;2077;1775;2;0;0;4;5;1;5;13;14;0;0;11;13;0;1;0;0;1;0;0;11;1;15;4
Turkey;Elazığ;25;928583;3942;1794;1775;2;0;0;3;4;1;4;13;14;0;0;11;13;0;1;0;0;1;0;0;11;1;14;4
Turkey;Elazığ;30;928583;3345;1586;1775;2;0;0;3;4;1;4;13;14;0;0;11;13;0;1;0;0;1;0;0;10;1;13;4
Turkey;Elazığ;50;928583;1982;332;1775;1;0;0;3;3;1;2;11;13;0;0;7;12;0;1;0;0;1;0;0;9;0;12;4
Turkey;Elazığ;75;928583;683;30;1775;1;0;0;1;1;1;2;7;4;0;0;5;9;0;0;0;0;0;0;0;5;0;6;3
Turkey;Erzincan;0;1154088;1154088;1154088;2283;19;8;7;121;12;29;20;16;25;33;12;32;8;4;5;8;36;0;2;2;1;11;20;37
Turkey;Erzincan;10;1154088;48943;26989;2283;14;7;3;111;7;22;15;12;19;26;8;24;3;2;3;6;26;0;1;2;0;9;9;9
Turkey;Erzincan;15;1154088;37754;23603;2283;13;7;3;111;6;22;14;12;18;25;8;24;3;2;3;6;24;0;1;2;0;8;8;8
Turkey;Erzincan;20;1154088;35713;23030;2283;13;7;3;110;6;21;13;12;18;25;8;23;3;2;3;5;24;0;1;1;0;8;6;8
Turkey;Erzincan;25;1154088;28061;20273;2283;13;7;3;110;6;21;13;12;18;25;8;23;3;2;3;5;22;0;1;1;0;8;6;4
Turkey;Erzincan;30;1154088;26429;19473;2283;13;7;3;110;6;21;13;12;18;25;8;23;2;2;3;5;20;0;1;1;0;7;5;3
Turkey;Erzincan;50;1154088;18329;9570;2283;11;5;2;107;6;17;10;10;14;21;7;20;2;1;2;3;9;0;1;0;0;6;3;1
Turkey;Erzincan;75;1154088;9120;1912;2283;7;3;2;92;5;12;3;4;10;18;6;13;2;1;1;2;2;0;0;0;0;4;1;0
Turkey;Erzurum;0;2435217;2435217;2435217;6749;31;11;7;25;16;24;41;12;23;31;40;18;13;6;5;45;7;36;0;18;3;28;112;50
Turkey;Erzurum;10;2435217;110186;57973;6749;28;8;6;21;12;20;36;10;17;22;27;10;6;3;2;40;6;36;0;18;3;26;97;30
Turkey;Erzurum;15;2435217;90437;50328;6749;28;8;6;21;12;19;35;10;17;21;25;10;6;3;2;40;6;35;0;18;3;26;97;29
Turkey;Erzurum;20;2435217;83692;48966;6749;27;8;6;20;11;19;34;10;17;19;20;9;5;3;2;39;5;35;0;18;3;26;96;29
Turkey;Erzurum;25;2435217;70953;37144;6749;27;8;6;20;11;18;33;10;17;19;20;8;5;2;2;38;5;35;0;18;3;26;96;29
Turkey;Erzurum;30;2435217;67772;35462;6749;27;8;6;20;11;17;33;10;17;19;20;8;4;2;2;38;5;35;0;18;3;25;95;29
Turkey;Erzurum;50;2435217;49361;18250;6749;25;7;4;19;10;14;28;9;16;15;14;7;2;2;1;32;4;33;0;16;2;24;84;25
Turkey;Erzurum;75;2435217;27631;4200;6749;19;4;3;16;6;11;20;6;10;8;6;5;1;0;0;19;1;26;0;9;2;16;60;18
Turkey;Eskisehir;0;1405896;1405896;1405896;6558;150;654;120;169;57;202;319;150;441;51;180;104;102;112;246;350;475;558;293;568;410;178;817;397
Turkey;Eskisehir;10;1405896;149337;101366;6558;146;632;108;159;45;180;301;143;430;45;169;89;94;100;238;326;404;540;243;523;352;137;742;342
Turkey;Eskisehir;15;1405896;134566;87449;6558;145;625;105;156;43;174;296;140;425;44;167;87;92;97;236;317;372;537;233;517;340;131;730;329
Turkey;Eskisehir;20;1405896;127791;86007;6558;144;624;104;155;41;174;294;140;424;44;167;86;89;94;231;304;362;531;220;513;336;125;699;319
Turkey;Eskisehir;25;1405896;117083;69896;6558;144;623;104;153;41;173;293;140;423;43;167;84;87;88;223;280;340;523;193;503;328;121;683;303
Turkey;Eskisehir;30;1405896;109980;68060;6558;144;621;103;151;41;172;292;140;423;43;166;84;84;82;218;258;329;515;181;494;321;115;647;290
Turkey;Eskisehir;50;1405896;80992;39123;6558;130;559;93;120;36;149;256;131;390;39;153;67;67;60;187;208;288;466;150;445;292;93;480;245
Turkey;Eskisehir;75;1405896;53766;14150;6558;106;464;58;59;21;78;167;101;282;28;108;48;40;39;139;144;219;380;111;368;238;67;363;191
Turkey;Gaziantep;0;715141;715141;715141;6221;21;24;21;39;35;22;46;22;46;35;46;69;59;25;95;122;60;309;375;248;163;140;375;130
Turkey;Gaziantep;10;715141;21216;16765;6221;18;23;19;35;33;19;38;6;36;29;39;63;44;17;78;102;38;266;320;159;129;108;218;59
Turkey;Gaziantep;15;715141;16952;14108;6221;17;23;18;35;33;19;36;5;35;26;37;62;42;17;73;97;34;258;315;151;124;98;199;53
Turkey;Gaziantep;20;715141;15337;13762;6221;16;22;18;35;32;19;35;4;34;25;36;61;39;16;66;95;28;246;305;141;117;93;186;49
Turkey;Gaziantep;25;715141;12286;11042;6221;16;22;18;34;32;19;35;3;33;24;36;61;33;15;52;91;22;221;286;125;100;79;157;34
Turkey;Gaziantep;30;715141;10109;10631;6221;16;22;18;33;32;19;34;3;33;24;36;61;31;14;44;88;15;202;271;113;86;73;133;28
Turkey;Gaziantep;50;715141;6827;5921;6221;15;15;17;28;29;16;32;1;24;18;31;53;25;11;33;79;8;173;244;100;62;61;82;16
Turkey;Gaziantep;75;715141;3839;2853;6221;13;6;14;18;21;14;13;1;14;11;21;35;14;6;16;58;4;134;174;66;33;36;36;6
Turkey;Giresun;0;680856;680856;680856;4339;50;166;21;466;84;168;129;308;233;137;166;245;80;80;122;175;205;156;273;359;295;338;257;189
Turkey;Giresun;10;680856;323117;268173;4339;46;161;20;431;80;161;123;299;229;134;162;236;77;77;118;170;197;156;270;356;291;332;245;184
Turkey;Giresun;15;680856;310910;257007;4339;46;161;20;428;79;159;122;298;228;133;161;233;77;77;118;169;196;155;270;356;290;331;243;183
Turkey;Giresun;20;680856;308142;252904;4339;46;160;20;426;79;159;121;296;227;133;161;232;76;77;118;168;196;155;269;356;290;330;242;183
Turkey;Giresun;25;680856;301694;244450;4339;46;160;20;425;78;158;121;296;227;133;161;232;76;77;117;168;195;155;269;355;289;329;240;182
Turkey;Giresun;30;680856;296636;238969;4339;46;160;20;424;78;158;120;295;227;133;161;232;76;77;117;167;195;155;268;355;289;328;238;181
Turkey;Giresun;50;680856;275812;188012;4339;44;152;18;398;73;151;115;284;218;129;156;220;74;74;113;163;190;154;267;353;288;320;221;172
Turkey;Giresun;75;680856;194528;78851;4339;30;118;13;291;58;120;95;244;184;112;138;185;60;64;94;146;169;143;253;331;273;278;153;127
Turkey;Gümüshane;0;661429;661429;661429;5147;26;27;10;187;44;47;32;66;31;87;61;63;25;16;42;44;41;23;35;30;41;62;85;35
Turkey;Gümüshane;10;661429;115620;93055;5147;23;24;7;180;41;42;27;60;27;80;57;53;16;14;37;37;36;23;34;30;41;60;61;30
Turkey;Gümüshane;15;661429;101783;84207;5147;23;24;7;178;41;40;27;59;27;78;56;51;14;14;34;36;34;23;34;30;41;59;57;27
Turkey;Gümüshane;20;661429;99123;82731;5147;23;24;7;178;41;40;25;59;27;78;55;50;13;14;33;34;34;23;34;30;41;59;56;26
Turkey;Gümüshane;25;661429;90763;76528;5147;23;24;7;177;41;39;24;59;27;78;55;50;12;14;30;33;32;23;34;30;41;59;53;21
Turkey;Gümüshane;30;661429;87436;73815;5147;23;24;7;176;40;39;24;59;27;78;55;49;12;14;29;33;32;23;34;29;40;59;52;20
Turkey;Gümüshane;50;661429;69091;45282;5147;20;22;6;155;34;32;20;53;23;71;49;40;4;13;21;26;28;23;34;29;37;55;42;13
Turkey;Gümüshane;75;661429;43969;20410;5147;15;18;3;107;20;22;13;39;19;59;41;25;1;9;9;15;21;20;32;25;24;40;26;9
Turkey;Hakkari;0;618710;618710;618710;2162;1;2;1;0;0;4;1;2;1;3;0;2;1;0;0;1;0;0;0;0;0;0;1;1
Turkey;Hakkari;10;618710;9067;4084;2162;1;1;0;0;0;3;0;0;0;1;0;1;0;0;0;0;0;0;0;0;0;0;1;1
Turkey;Hakkari;15;618710;5627;3108;2162;1;1;0;0;0;2;0;0;0;1;0;1;0;0;0;0;0;0;0;0;0;0;1;0
Turkey;Hakkari;20;618710;4871;2963;2162;0;1;0;0;0;2;0;0;0;1;0;0;0;0;0;0;0;0;0;0;0;0;1;0
Turkey;Hakkari;25;618710;2827;2088;2162;0;1;0;0;0;2;0;0;0;1;0;0;0;0;0;0;0;0;0;0;0;0;1;0
Turkey;Hakkari;30;618710;2297;1846;2162;0;1;0;0;0;2;0;0;0;1;0;0;0;0;0;0;0;0;0;0;0;0;0;0
Turkey;Hakkari;50;618710;726;218;2162;0;1;0;0;0;1;0;0;0;1;0;0;0;0;0;0;0;0;0;0;0;0;0;0
Turkey;Hakkari;75;618710;92;15;2162;0;0;0;0;0;0;0;0;0;0;0;0;0;0;0;0;0;0;0;0;0;0;0;0
Turkey;Hatay;0;578605;578605;578605;7200;144;123;200;117;207;149;505;197;430;137;218;2500;1806;617;526;595;858;1593;1603;2921;3340;949;1382;934
Turkey;Hatay;10;578605;161034;158466;7200;140;117;191;114;198;139;474;177;410;124;186;2356;1600;499;447;435;686;1381;1413;2579;2783;711;1055;548
Turkey;Hatay;15;578605;154032;151063;7200;138;116;190;112;198;139;471;176;408;124;185;2343;1570;484;433;422;674;1360;1386;2555;2698;686;1035;524
Turkey;Hatay;20;578605;149531;149371;7200;137;114;187;111;196;138;466;175;406;123;181;2316;1530;469;415;410;665;1325;1355;2527;2621;664;1018;507
Turkey;Hatay;25;578605;139273;144759;7200;137;113;186;110;196;138;463;171;405;122;178;2249;1328;395;382;383;638;1208;1287;2438;2441;618;959;468
Turkey;Hatay;30;578605;132244;141783;7200;137;113;185;110;196;137;462;171;404;121;177;2206;1238;365;358;354;609;1159;1240;2361;2303;576;922;436
Turkey;Hatay;50;578605;114774;115263;7200;129;106;172;102;184;129;429;156;387;116;161;1974;972;280;298;301;548;1023;1117;2139;2004;506;838;381
Turkey;Hatay;75;578605;86682;81221;7200;98;89;132;80;148;111;360;126;323;95;124;1346;571;142;183;210;402;653;862;1441;1313;379;606;281
Turkey;Isparta;0;887882;887882;887882;10846;633;203;263;289;156;386;338;346;357;221;382;240;433;448;283;417;462;597;582;581;769;859;1043;592
Turkey;Isparta;10;887882;121049;67118;10846;600;184;252;272;143;368;294;316;299;198;338;214;370;397;235;370;393;525;504;516;582;693;883;487
Turkey;Isparta;15;887882;99204;52633;10846;573;172;244;257;131;351;269;297;280;183;319;207;352;382;225;358;374;500;493;499;557;657;838;463
Turkey;Isparta;20;887882;94087;50496;10846;566;168;240;253;128;342;258;292;271;180;311;204;340;376;218;353;367;488;482;487;540;642;822;454
Turkey;Isparta;25;887882;76305;38448;10846;564;167;240;252;127;340;257;289;269;179;308;202;301;338;198;325;331;444;448;447;499;598;754;412
Turkey;Isparta;30;887882;69157;37024;10846;558;165;238;250;126;337;253;284;267;177;305;199;273;316;179;305;308;414;419;416;469;554;702;378
Turkey;Isparta;50;887882;43470;14609;10846;459;120;193;190;101;271;186;228;215;138;243;165;178;237;125;229;226;311;321;303;350;384;533;272
Turkey;Isparta;75;887882;23034;4077;10846;321;77;133;126;68;164;112;129;122;69;131;106;80;125;66;115;127;156;185;168;207;208;311;142
Turkey;Istanbul;0;475661;475661;475661;8324;2299;2389;1932;2584;1519;1616;466;405;514;359;661;1353;1434;2099;2423;1879;2487;1897;1025;1690;1861;1085;1226;943
Turkey;Istanbul;10;475661;204048;200844;8324;2278;2364;1919;2513;1484;1559;398;354;470;307;627;1305;1341;1857;2061;1527;1976;1559;877;1506;1637;918;979;701
Turkey;Istanbul;15;475661;200349;195368;8324;2275;2359;1916;2494;1479;1553;383;343;462;298;621;1292;1331;1832;2038;1503;1938;1536;861;1485;1618;904;964;685
Turkey;Istanbul;20;475661;198373;194444;8324;2274;2357;1915;2486;1477;1551;377;339;459;295;617;1287;1323;1807;2016;1488;1915;1516;852;1471;1605;893;952;673
Turkey;Istanbul;25;475661;195644;191989;8324;2274;2354;1914;2481;1475;1547;373;334;456;293;615;1281;1315;1786;1997;1469;1885;1491;835;1449;1583;879;935;660
Turkey;Istanbul;30;475661;191679;189536;8324;2272;2353;1914;2476;1474;1545;369;332;454;292;614;1277;1302;1750;1972;1439;1842;1451;811;1424;1549;859;917;642
Turkey;Istanbul;50;475661;180647;173813;8324;2249;2321;1898;2399;1457;1517;324;301;416;261;584;1225;1241;1630;1860;1324;1688;1319;744;1313;1441;793;848;569
Turkey;Istanbul;75;475661;156641;138907;8324;2167;2253;1857;2256;1403;1444;230;228;326;204;513;1129;1110;1383;1620;1114;1344;1082;601;1106;1225;672;702;447
Turkey;Izmir;0;1236881;1236881;1236881;12587;989;1234;986;1352;1020;1756;3346;3134;3028;1961;2888;2545;2540;2317;3859;3294;5653;3337;5937;6060;4617;2172;4755;6493
Turkey;Izmir;10;1236881;396335;355643;12587;934;1134;902;1205;935;1587;3028;2802;2764;1855;2686;2230;2189;2016;3537;2761;4849;2762;5115;5093;3647;1627;3469;4286
Turkey;Izmir;15;1236881;363167;329341;12587;918;1108;883;1174;917;1555;2948;2722;2707;1832;2646;2189;2110;1965;3496;2681;4745;2679;5019;4963;3492;1551;3346;4106
Turkey;Izmir;20;1236881;348349;321883;12587;906;1087;865;1153;902;1533;2900;2680;2678;1821;2628;2164;2072;1922;3449;2615;4641;2617;4919;4855;3413;1486;3245;3954
Turkey;Izmir;25;1236881;310586;309167;12587;899;1066;853;1136;890;1510;2856;2657;2646;1808;2603;2107;1946;1809;3319;2424;4373;2429;4640;4513;3171;1324;2983;3569
Turkey;Izmir;30;1236881;283254;298319;12587;894;1055;844;1114;885;1500;2834;2631;2626;1801;2584;2071;1851;1711;3217;2267;4119;2283;4429;4272;2965;1190;2808;3322
Turkey;Izmir;50;1236881;197343;212921;12587;751;864;691;905;752;1278;2375;2306;2324;1641;2290;1728;1343;1244;2707;1623;3070;1681;3033;2877;2174;812;2011;2362
Turkey;Izmir;75;1236881;109309;129033;12587;537;589;483;615;524;939;1661;1662;1720;1271;1769;1236;700;633;1857;827;1542;846;1425;1299;1179;415;1085;1194
Turkey;Iğdır;0;392934;392934;392934;488;3;3;1;5;4;2;2;2;1;3;3;4;3;3;2;0;0;0;2;1;1;0;34;20
Turkey;Iğdır;10;392934;2980;450;488;1;2;0;3;2;1;2;2;1;2;3;3;0;0;0;0;0;0;1;0;0;0;1;1
Turkey;Iğdır;15;392934;1859;263;488;1;2;0;3;2;1;2;2;1;2;3;3;0;0;0;0;0;0;1;0;0;0;1;1
Turkey;Iğdır;20;392934;1588;247;488;1;2;0;3;2;1;2;2;1;2;3;3;0;0;0;0;0;0;1;0;0;0;1;1
Turkey;Iğdır;25;392934;994;191;488;1;2;0;3;2;1;2;2;1;2;3;3;0;0;0;0;0;0;1;0;0;0;1;1
Turkey;Iğdır;30;392934;841;153;488;1;2;0;3;2;1;2;2;1;2;3;3;0;0;0;0;0;0;1;0;0;0;1;1
Turkey;Iğdır;50;392934;407;31;488;1;1;0;3;2;1;2;2;0;2;1;2;0;0;0;0;0;0;1;0;0;0;0;0
Turkey;Iğdır;75;392934;115;5;488;1;1;0;1;1;0;0;1;0;1;0;1;0;0;0;0;0;0;1;0;0;0;0;0
Turkey;K. Maras;0;1455274;1455274;1455274;11057;206;276;194;234;338;296;316;304;355;211;253;373;165;219;234;277;332;826;1136;1524;1655;1148;833;794
Turkey;K. Maras;10;1455274;116346;91192;11057;182;241;175;194;301;253;265;251;305;182;218;316;128;164;165;208;273;689;890;1149;1251;872;606;607
Turkey;K. Maras;15;1455274;101618;79236;11057;159;220;158;177;281;232;238;225;280;173;207;295;121;158;152;194;261;652;843;1081;1171;812;561;566
Turkey;K. Maras;20;1455274;96324;76944;11057;154;215;155;172;273;226;229;216;268;165;196;282;111;148;143;183;251;626;802;1034;1116;782;536;542
Turkey;K. Maras;25;1455274;80498;68474;11057;152;214;154;170;271;223;228;214;267;164;193;270;89;121;125;153;219;549;691;889;971;701;469;459
Turkey;K. Maras;30;1455274;72288;65952;11057;151;212;151;168;270;223;227;212;266;163;190;266;75;105;103;130;185;491;613;794;861;647;414;419
Turkey;K. Maras;50;1455274;49050;37284;11057;92;148;108;115;192;167;155;165;204;126;134;183;42;67;64;78;120;333;408;534;605;473;288;280
Turkey;K. Maras;75;1455274;30001;19518;11057;42;74;67;56;92;103;88;101;122;69;71;104;16;19;19;41;57;163;224;271;300;247;152;158
Turkey;Karabük;0;331605;331605;331605;5742;15;77;46;636;87;51;205;234;177;101;241;875;205;249;106;246;274;261;200;207;422;561;740;528
Turkey;Karabük;10;331605;215358;198053;5742;14;71;40;582;79;49;192;222;169;95;237;820;190;227;101;220;253;243;186;194;401;518;683;513
Turkey;Karabük;15;331605;207420;186210;5742;14;70;37;549;77;49;188;210;165;94;234;797;185;218;100;213;248;239;184;191;394;509;674;506
Turkey;Karabük;20;331605;203046;184198;5742;14;70;35;531;75;48;185;206;164;92;233;786;173;208;97;199;244;235;183;188;390;497;666;500
Turkey;Karabük;25;331605;194956;176792;5742;14;70;35;527;75;48;184;205;162;92;231;774;159;193;93;180;240;229;180;186;383;480;656;492
Turkey;Karabük;30;331605;187727;172757;5742;14;70;35;521;74;48;182;204;161;91;228;759;145;178;89;160;234;217;176;182;375;463;645;483
Turkey;Karabük;50;331605;165844;139130;5742;13;62;22;317;62;41;154;151;134;81;184;570;103;121;80;122;208;190;161;162;341;404;590;450
Turkey;Karabük;75;331605;134332;82122;5742;10;42;11;181;41;24;99;103;114;60;121;422;62;75;59;95;166;141;125;126;277;306;481;394
Turkey;Karaman;0;834010;834010;834010;2505;71;64;86;193;129;134;84;113;203;50;66;30;59;24;121;106;191;170;112;300;255;256;588;407
Turkey;Karaman;10;834010;22810;6402;2505;56;41;56;96;65;87;52;62;118;30;39;18;33;12;68;55;101;86;69;198;142;104;236;131
Turkey;Karaman;15;834010;18610;4295;2505;44;23;36;66;42;56;31;36;79;26;31;17;29;12;60;50;84;70;66;177;124;86;185;103
Turkey;Karaman;20;834010;16056;3975;2505;43;21;35;64;36;50;27;32;72;22;29;16;28;11;57;48;81;66;63;168;116;78;170;96
Turkey;Karaman;25;834010;12684;2341;2505;42;21;34;63;36;49;27;32;71;22;28;16;25;9;44;34;64;53;56;140;100;67;132;77
Turkey;Karaman;30;834010;11608;2228;2505;42;19;33;63;35;49;27;32;71;22;27;16;21;9;37;31;56;48;54;111;89;59;119;70
Turkey;Karaman;50;834010;4670;422;2505;18;7;13;35;13;11;10;9;27;5;11;8;5;3;7;8;9;13;30;27;23;15;36;29
Turkey;Karaman;75;834010;2013;76;2505;7;3;3;15;5;3;5;2;10;1;3;5;2;0;1;2;2;4;15;9;12;3;15;11
Turkey;Kars;0;1034988;1034988;1034988;2955;31;54;3;11;2;20;10;7;11;13;6;4;8;16;5;0;0;7;0;30;34;68;23;6
Turkey;Kars;10;1034988;37996;21027;2955;30;51;3;5;1;17;8;7;9;9;5;2;5;9;5;0;0;6;0;30;31;56;19;4
Turkey;Kars;15;1034988;33385;19174;2955;29;51;2;5;1;17;8;6;9;9;5;2;5;8;5;0;0;6;0;30;31;55;19;4
Turkey;Kars;20;1034988;29511;18935;2955;29;51;2;4;1;16;8;6;9;9;4;2;4;8;5;0;0;6;0;30;31;55;18;3
Turkey;Kars;25;1034988;26592;12912;2955;29;50;2;4;1;16;7;6;8;9;4;2;4;7;5;0;0;6;0;30;30;55;18;3
Turkey;Kars;30;1034988;25746;12472;2955;29;50;2;4;1;16;7;6;8;9;4;2;4;7;5;0;0;6;0;30;30;54;18;3
Turkey;Kars;50;1034988;20476;8107;2955;27;49;2;2;0;14;7;5;7;7;4;1;2;4;5;0;0;6;0;28;27;47;16;3
Turkey;Kars;75;1034988;13463;1300;2955;22;44;1;1;0;11;6;4;3;6;4;1;1;2;3;0;0;4;0;20;21;39;11;2
Turkey;Kastamonu;0;1346784;1346784;1346784;18666;191;600;83;2371;273;419;941;447;660;307;651;511;1583;665;694;897;728;1228;1219;1291;3113;2339;2838;1623
Turkey;Kastamonu;10;1346784;808232;746713;18666;186;590;80;2349;266;396;902;424;631;290;630;484;1561;645;653;825;651;1141;1122;1174;2829;1972;2486;1398
Turkey;Kastamonu;15;1346784;775551;709763;18666;183;585;79;2335;263;391;890;417;622;286;623;477;1554;640;642;807;637;1125;1107;1156;2771;1925;2440;1369
Turkey;Kastamonu;20;1346784;762821;702911;18666;181;582;79;2330;262;388;882;411;619;284;620;472;1545;636;633;793;627;1109;1094;1147;2730;1891;2407;1352
Turkey;Kastamonu;25;1346784;739048;682067;18666;181;579;78;2327;261;386;878;409;617;283;618;467;1534;630;621;768;612;1088;1070;1134;2658;1837;2364;1309
Turkey;Kastamonu;30;1346784;715754;666172;18666;180;578;78;2323;261;385;876;409;616;282;617;460;1519;623;603;745;597;1059;1050;1110;2566;1778;2312;1274
Turkey;Kastamonu;50;1346784;630744;534350;18666;156;528;68;2172;240;339;803;363;572;262;553;398;1426;577;520;661;520;935;936;988;2180;1511;2057;1101
Turkey;Kastamonu;75;1346784;502710;304717;18666;112;363;39;1531;161;218;567;248;429;205;394;272;1137;455;371;490;372;697;686;713;1523;1051;1550;791
Turkey;Kayseri;0;1594022;1594022;1594022;1319;7;25;2;16;14;6;74;4;35;6;10;7;9;4;2;2;3;0;14;14;15;25;24;21
Turkey;Kayseri;10;1594022;9199;5839;1319;5;17;2;8;9;3;63;1;27;3;5;1;5;2;0;1;1;0;9;10;10;17;8;3
Turkey;Kayseri;15;1594022;7358;4747;1319;5;17;2;8;8;3;60;1;24;3;5;1;4;2;0;1;1;0;9;10;10;17;6;3
Turkey;Kayseri;20;1594022;6655;4559;1319;5;16;2;8;8;2;59;1;22;3;5;1;3;1;0;1;1;0;9;10;9;17;6;3
Turkey;Kayseri;25;1594022;5040;3880;1319;5;16;2;7;8;2;59;1;22;3;5;1;3;1;0;1;1;0;8;10;9;15;6;3
Turkey;Kayseri;30;1594022;4526;3663;1319;5;16;2;7;8;2;59;1;22;2;5;1;3;1;0;1;1;0;8;10;9;15;5;3
Turkey;Kayseri;50;1594022;2422;1342;1319;3;12;1;5;6;2;26;1;9;1;3;1;2;0;0;1;0;0;7;8;6;14;4;2
Turkey;Kayseri;75;1594022;906;415;1319;0;2;0;1;2;0;7;0;2;0;0;0;0;0;0;0;0;0;5;4;4;12;3;1
Turkey;Kilis;0;142422;142422;142422;172;0;0;0;0;0;5;4;0;0;0;0;2;0;1;0;0;4;0;2;2;2;0;1;0
Turkey;Kilis;10;142422;359;112;172;0;0;0;0;0;0;1;0;0;0;0;0;0;0;0;0;1;0;0;0;0;0;0;0
Turkey;Kilis;15;142422;216;70;172;0;0;0;0;0;0;0;0;0;0;0;0;0;0;0;0;0;0;0;0;0;0;0;0
Turkey;Kilis;20;142422;129;63;172;0;0;0;0;0;0;0;0;0;0;0;0;0;0;0;0;0;0;0;0;0;0;0;0
Turkey;Kilis;25;142422;70;40;172;0;0;0;0;0;0;0;0;0;0;0;0;0;0;0;0;0;0;0;0;0;0;0;0
Turkey;Kilis;30;142422;49;37;172;0;0;0;0;0;0;0;0;0;0;0;0;0;0;0;0;0;0;0;0;0;0;0;0
Turkey;Kilis;50;142422;13;11;172;0;0;0;0;0;0;0;0;0;0;0;0;0;0;0;0;0;0;0;0;0;0;0;0
Turkey;Kilis;75;142422;2;2;172;0;0;0;0;0;0;0;0;0;0;0;0;0;0;0;0;0;0;0;0;0;0;0;0
Turkey;Kinkkale;0;467425;467425;467425;531;3;13;0;12;3;4;5;1;8;1;4;4;2;2;1;0;0;2;2;3;7;23;10;1
Turkey;Kinkkale;10;467425;2865;1873;531;2;10;0;6;1;2;4;1;2;1;1;2;0;1;1;0;0;1;1;1;3;1;2;0
Turkey;Kinkkale;15;467425;2207;1520;531;2;9;0;6;1;2;3;1;2;1;0;1;0;1;1;0;0;1;1;1;3;0;1;0
Turkey;Kinkkale;20;467425;1889;1462;531;1;9;0;6;1;2;3;1;2;1;0;1;0;1;1;0;0;1;1;1;3;0;1;0
Turkey;Kinkkale;25;467425;1531;1179;531;1;9;0;5;1;2;3;1;2;1;0;1;0;0;0;0;0;1;1;1;3;0;1;0
Turkey;Kinkkale;30;467425;1348;1024;531;1;9;0;5;1;2;3;1;2;1;0;1;0;0;0;0;0;1;1;1;3;0;1;0
Turkey;Kinkkale;50;467425;649;293;531;1;4;0;4;1;2;1;0;1;1;0;1;0;0;0;0;0;1;0;0;2;0;0;0
Turkey;Kinkkale;75;467425;146;54;531;1;2;0;1;0;1;0;0;1;0;0;0;0;0;0;0;0;0;0;0;1;0;0;0
Turkey;Kirklareli;0;635852;635852;635852;6975;2033;2050;1980;1636;1871;1788;124;82;104;31;156;356;179;182;119;156;767;358;537;536;1017;408;403;403
Turkey;Kirklareli;10;635852;202676;215867;6975;2023;2045;1977;1632;1865;1785;117;78;102;30;151;341;147;149;94;106;623;293;441;401;831;306;323;287
Turkey;Kirklareli;15;635852;200126;212333;6975;2020;2045;1977;1632;1864;1785;116;78;101;30;151;340;145;146;93;101;615;290;439;396;821;301;320;284
Turkey;Kirklareli;20;635852;197921;211353;6975;2019;2044;1976;1632;1864;1784;115;77;101;30;151;339;144;144;92;98;609;287;437;391;807;297;316;281
Turkey;Kirklareli;25;635852;194805;209241;6975;2018;2043;1975;1631;1863;1783;115;77;101;30;151;338;143;143;90;98;601;285;436;388;799;294;313;276
Turkey;Kirklareli;30;635852;191864;207980;6975;2017;2043;1975;1631;1863;1783;113;76;100;29;150;336;142;141;90;95;587;280;432;382;774;290;308;272
Turkey;Kirklareli;50;635852;180583;194914;6975;1999;2031;1966;1627;1855;1778;106;72;98;29;145;326;134;132;85;81;537;265;415;360;700;272;282;256
Turkey;Kirklareli;75;635852;158955;176480;6975;1932;1987;1940;1605;1825;1751;84;59;86;25;128;286;111;111;79;66;445;235;384;305;529;236;237;218
Turkey;Kirsehir;0;678366;678366;678366;353;9;15;15;93;7;14;6;10;19;5;2;9;7;4;6;1;4;3;49;46;33;23;41;7
Turkey;Kirsehir;10;678366;4301;2578;353;5;11;12;79;6;9;4;9;15;4;2;6;5;3;4;0;1;1;21;14;9;10;17;3
Turkey;Kirsehir;15;678366;3542;2100;353;5;11;12;79;6;9;4;9;14;4;2;6;5;3;4;0;1;1;21;13;8;10;16;3
Turkey;Kirsehir;20;678366;3126;2039;353;5;11;12;78;6;9;4;9;14;4;2;6;4;3;4;0;1;1;19;13;7;9;13;3
Turkey;Kirsehir;25;678366;2587;1835;353;5;11;12;78;6;8;4;9;14;4;2;6;2;3;4;0;1;1;19;12;7;9;12;3
Turkey;Kirsehir;30;678366;2295;1642;353;5;11;12;78;6;8;4;9;14;4;2;6;2;3;4;0;1;1;18;12;7;9;11;3
Turkey;Kirsehir;50;678366;1225;679;353;3;8;8;69;5;6;3;8;11;4;2;6;1;3;3;0;1;1;14;9;5;6;7;2
Turkey;Kirsehir;75;678366;324;268;353;1;4;2;23;1;2;0;4;5;1;1;1;0;1;1;0;1;0;5;4;2;1;2;1
Turkey;Kocaeli;0;404015;404015;404015;2215;790;492;231;843;633;667;486;615;691;879;530;816;653;855;1048;712;1584;1036;670;1048;1150;902;926;442
Turkey;Kocaeli;10;404015;186574;165431;2215;747;472;223;763;605;616;410;569;652;846;502;794;616;825;995;604;1361;887;593;930;1008;764;763;345
Turkey;Kocaeli;15;404015;181203;158767;2215;737;470;222;756;603;612;403;565;647;842;498;789;612;820;991;594;1318;871;583;923;997;752;748;335
Turkey;Kocaeli;20;404015;179067;157410;2215;735;469;222;750;601;608;400;562;645;836;497;788;609;818;987;589;1304;863;579;916;990;746;740;333
Turkey;Kocaeli;25;404015;175186;154760;2215;729;468;221;739;598;603;394;559;640;831;494;784;604;813;973;577;1256;842;567;907;973;729;727;323
Turkey;Kocaeli;30;404015;170059;150803;2215;727;467;221;735;597;601;392;558;639;827;493;782;600;808;960;564;1199;818;557;894;956;713;714;314
Turkey;Kocaeli;50;404015;157362;129819;2215;688;451;195;677;573;564;361;525;606;748;465;748;574;782;917;512;1064;752;510;837;885;657;673;285
Turkey;Kocaeli;75;404015;133006;87664;2215;592;402;143;547;510;463;291;448;505;588;394;646;500;715;827;438;857;631;443;708;750;548;581;227
Turkey;Konya;0;4092066;4092066;4092066;8606;57;90;58;55;41;69;47;22;117;22;99;22;53;39;62;61;196;180;187;326;506;222;557;308
Turkey;Konya;10;4092066;72610;40419;8606;47;77;49;39;30;50;38;12;98;14;82;16;27;24;48;42;111;132;105;158;295;146;319;185
Turkey;Konya;15;4092066;63664;33511;8606;45;75;48;38;28;49;37;11;93;14;80;16;27;23;46;41;103;126;101;152;287;141;307;177
Turkey;Konya;20;4092066;58347;32358;8606;45;73;48;37;28;49;37;11;89;12;78;16;26;23;45;39;100;122;94;141;278;132;286;170
Turkey;Konya;25;4092066;51249;25275;8606;45;72;47;37;28;48;37;11;89;12;78;16;25;21;42;36;93;108;86;135;254;125;269;154
Turkey;Konya;30;4092066;47603;23947;8606;43;72;46;37;28;47;36;11;88;12;77;16;25;20;41;35;89;104;81;130;247;119;258;137
Turkey;Konya;50;4092066;31069;10798;8606;37;58;38;33;19;42;33;9;72;8;67;15;19;14;33;25;66;84;50;96;173;88;189;87
Turkey;Konya;75;4092066;15618;3472;8606;30;35;23;19;7;27;17;4;45;4;44;13;12;6;22;14;46;41;20;60;101;61;113;43
Turkey;Kütahya;0;1219994;1219994;1219994;14957;682;948;523;348;416;1030;1317;965;1266;336;550;914;402;469;1174;1214;1584;1587;953;1203;2538;1516;4134;2085
Turkey;Kütahya;10;1219994;357821;281048;14957;655;910;504;318;389;967;1249;923;1214;291;469;840;372;409;1102;1040;1394;1421;799;1035;2239;1322;3764;1878
Turkey;Kütahya;15;1219994;331787;253583;14957;629;892;491;306;377;926;1222;906;1193;281;449;823;365;402;1087;1011;1364;1395;783;1010;2195;1287;3705;1844
Turkey;Kütahya;20;1219994;318266;249855;14957;625;886;488;304;374;921;1216;902;1187;277;444;816;358;392;1075;990;1338;1369;762;983;2155;1255;3647;1821
Turkey;Kütahya;25;1219994;295263;213793;14957;622;880;486;303;374;919;1215;900;1183;276;441;810;343;378;1052;926;1267;1306;710;908;2044;1159;3526;1769
Turkey;Kütahya;30;1219994;278467;209818;14957;618;876;484;302;373;917;1213;898;1180;273;436;799;330;362;1027;880;1208;1253;662;855;1958;1105;3412;1717
Turkey;Kütahya;50;1219994;216649;136512;14957;530;753;413;269;328;785;1102;819;1058;227;373;668;277;295;920;711;972;1027;493;650;1601;857;2928;1507
Turkey;Kütahya;75;1219994;148533;63935;14957;376;517;266;207;243;522;809;636;768;140;270;447;197;185;674;498;665;763;312;409;1143;561;2156;1172
Turkey;Malatya;0;1149659;1149659;1149659;1480;36;23;10;70;25;54;41;67;78;30;34;40;14;16;14;10;34;1;92;51;41;18;62;36
Turkey;Malatya;10;1149659;7622;3468;1480;12;9;4;24;12;22;16;25;39;15;20;21;3;2;8;4;9;0;25;15;14;13;14;4
Turkey;Malatya;15;1149659;6192;2945;1480;12;9;4;24;12;22;15;25;38;15;20;20;3;2;8;4;9;0;25;13;14;13;13;4
Turkey;Malatya;20;1149659;5651;2871;1480;11;8;4;23;11;20;14;24;38;14;19;19;3;2;8;3;9;0;23;12;11;12;12;4
Turkey;Malatya;25;1149659;4241;2443;1480;10;8;4;23;11;20;14;24;38;14;18;18;3;2;7;3;7;0;21;9;10;12;10;4
Turkey;Malatya;30;1149659;3704;2284;1480;10;8;4;23;11;20;14;24;38;14;18;18;3;2;7;3;7;0;18;8;10;11;8;4
Turkey;Malatya;50;1149659;2148;905;1480;8;7;3;17;8;15;10;18;32;11;14;13;2;1;5;2;4;0;14;4;7;9;4;2
Turkey;Malatya;75;1149659;728;364;1480;5;4;2;10;2;5;5;4;12;3;4;7;1;0;3;0;2;0;8;2;4;4;1;2
Turkey;Manisa;0;1321885;1321885;1321885;11039;1096;781;904;1071;754;1281;1669;1558;2250;1599;1921;2173;1973;2068;2998;2446;2893;2888;3141;2547;4376;2395;4422;6709
Turkey;Manisa;10;1321885;251158;206997;11039;1020;721;828;975;678;1166;1461;1371;2024;1473;1718;1912;1780;1796;2622;1952;2303;2424;2665;2112;3735;1860;3601;4785
Turkey;Manisa;15;1321885;221205;185214;11039;993;696;808;941;655;1125;1414;1331;1962;1440;1668;1868;1731;1740;2550;1861;2197;2331;2568;2031;3609;1777;3479;4475
Turkey;Manisa;20;1321885;211012;179063;11039;976;685;789;921;643;1102;1380;1300;1928;1418;1636;1842;1703;1695;2493;1792;2128;2272;2486;1972;3517;1723;3400;4335
Turkey;Manisa;25;1321885;180825;166587;11039;968;680;781;913;637;1096;1366;1289;1911;1404;1620;1792;1569;1539;2278;1596;1908;2035;2221;1763;3192;1529;3087;3785
Turkey;Manisa;30;1321885;161646;160282;11039;960;677;775;902;631;1087;1354;1277;1894;1393;1605;1761;1494;1422;2161;1471;1754;1892;2056;1642;2984;1413;2895;3414
Turkey;Manisa;50;1321885;115594;99714;11039;790;556;612;729;515;895;1100;1050;1609;1220;1337;1470;1200;1083;1745;1135;1363;1470;1539;1243;2262;1061;2238;2472
Turkey;Manisa;75;1321885;64782;45355;11039;554;399;421;506;338;605;753;733;1146;870;914;1016;696;543;971;584;724;727;714;611;1151;553;1204;1176
Turkey;Mardin;0;1053924;1053924;1053924;256;18;15;12;12;11;11;30;9;21;28;2;14;18;26;3;3;1;0;0;0;0;0;14;5
Turkey;Mardin;10;1053924;2593;2507;256;16;13;10;11;10;10;26;8;19;27;2;11;11;11;2;3;1;0;0;0;0;0;9;4
Turkey;Mardin;15;1053924;2040;2339;256;16;13;10;11;10;10;25;8;18;27;2;11;11;10;2;3;1;0;0;0;0;0;9;4
Turkey;Mardin;20;1053924;1897;2315;256;16;12;10;10;10;10;25;8;18;27;2;11;11;10;2;3;0;0;0;0;0;0;9;4
Turkey;Mardin;25;1053924;1682;2184;256;16;12;10;10;10;10;25;7;18;27;2;11;11;9;2;3;0;0;0;0;0;0;9;4
Turkey;Mardin;30;1053924;1519;2141;256;16;12;10;10;10;10;25;7;18;27;2;11;10;9;2;3;0;0;0;0;0;0;9;4
Turkey;Mardin;50;1053924;1090;1524;256;15;11;9;9;9;9;22;6;17;24;2;10;7;8;2;3;0;0;0;0;0;0;7;4
Turkey;Mardin;75;1053924;673;841;256;12;9;7;7;7;7;14;3;10;17;2;8;6;5;2;3;0;0;0;0;0;0;6;3
Turkey;Mersin;0;1522214;1522214;1522214;19501;876;790;885;1945;993;1381;2094;4330;1457;1156;1700;1559;1360;1202;1217;1609;2658;3059;2892;3315;4487;6658;4894;1744
Turkey;Mersin;10;1522214;206559;122058;19501;731;644;738;1483;796;1091;1645;3231;1115;890;1299;1156;909;863;899;1217;1989;2276;2169;2512;3354;4248;2915;1035
Turkey;Mersin;15;1522214;171440;93607;19501;629;533;633;1258;672;895;1430;2789;970;761;1135;1042;821;800;829;1105;1803;2089;1984;2315;3071;3661;2552;926
Turkey;Mersin;20;1522214;156970;86025;19501;593;505;605;1180;634;833;1361;2620;923;711;1064;987;741;739;760;995;1637;1926;1795;2083;2776;3283;2318;850
Turkey;Mersin;25;1522214;109776;67265;19501;585;500;597;1169;627;826;1340;2580;912;704;1045;940;502;536;569;702;1162;1404;1287;1496;1921;2072;1611;613
Turkey;Mersin;30;1522214;94504;63499;19501;579;496;590;1160;624;821;1331;2561;909;700;1031;918;420;477;478;578;983;1201;1114;1288;1592;1703;1338;524
Turkey;Mersin;50;1522214;50213;17283;19501;303;226;317;661;376;468;784;1626;613;459;608;558;231;290;281;318;527;664;640;735;901;1003;757;292
Turkey;Mersin;75;1522214;22440;3519;19501;124;79;139;268;177;189;328;784;285;204;259;257;93;113;132;120;217;285;284;347;389;434;346;144
Turkey;Mugla;0;1283256;1283256;1283256;20932;1895;2300;1721;1796;2054;4277;2885;2840;1875;1481;1933;2443;2022;1909;2997;2938;3486;3082;4626;4892;24773;18666;3815;4325
Turkey;Mugla;10;1283256;641111;525612;20932;1766;2179;1601;1612;1867;3924;2504;2456;1620;1298;1762;2185;1800;1648;2586;2554;2989;2629;4086;4284;21838;15190;3176;3573
Turkey;Mugla;15;1283256;572086;465178;20932;1627;2034;1517;1493;1743;3761;2352;2326;1536;1213;1685;2074;1738;1587;2494;2468;2874;2536;3966;4136;21353;14412;3030;3430
Turkey;Mugla;20;1283256;535231;448453;20932;1586;2001;1490;1452;1709;3705;2303;2262;1500;1181;1654;2027;1646;1506;2365;2327;2734;2414;3761;3937;20695;13738;2830;3281
Turkey;Mugla;25;1283256;451728;405294;20932;1576;1982;1479;1436;1694;3667;2268;2233;1488;1168;1640;1989;1482;1368;2120;2096;2464;2178;3424;3568;18922;12310;2451;2944
Turkey;Mugla;30;1283256;390053;395771;20932;1558;1968;1463;1425;1687;3643;2242;2213;1477;1152;1627;1961;1323;1216;1868;1834;2152;1932;3009;3173;17428;10992;2083;2594
Turkey;Mugla;50;1283256;237292;247485;20932;1158;1475;1125;1054;1353;3076;1715;1795;1227;893;1313;1539;892;801;1244;1197;1424;1322;1968;2102;12549;7482;1299;1682
Turkey;Mugla;75;1283256;104646;104071;20932;736;879;721;568;880;2364;1096;1173;840;535;825;1015;354;309;501;493;603;585;818;878;6285;3778;533;672
Turkey;Mus;0;813024;813024;813024;773;5;1;2;1;2;1;5;0;2;3;1;2;5;2;0;0;0;0;0;0;0;3;30;29
Turkey;Mus;10;813024;7241;2765;773;2;0;1;1;1;1;5;0;1;1;1;0;1;0;0;0;0;0;0;0;0;1;5;17
Turkey;Mus;15;813024;6625;2412;773;2;0;1;1;1;1;5;0;1;1;1;0;1;0;0;0;0;0;0;0;0;1;5;16
Turkey;Mus;20;813024;6195;2368;773;2;0;1;1;1;0;5;0;1;0;1;0;1;0;0;0;0;0;0;0;0;1;5;15
Turkey;Mus;25;813024;5800;2157;773;2;0;1;1;1;0;5;0;1;0;1;0;1;0;0;0;0;0;0;0;0;1;5;15
Turkey;Mus;30;813024;5492;2021;773;2;0;1;1;1;0;4;0;1;0;1;0;1;0;0;0;0;0;0;0;0;1;4;14
Turkey;Mus;50;813024;3992;901;773;1;0;1;1;1;0;4;0;0;0;1;0;1;0;0;0;0;0;0;0;0;1;2;11
Turkey;Mus;75;813024;1822;145;773;0;0;0;0;0;0;2;0;0;0;0;0;0;0;0;0;0;0;0;0;0;0;0;3
Turkey;Nevsehir;0;513819;513819;513819;46;2;2;3;16;1;2;2;1;2;1;5;3;1;0;0;0;2;4;1;0;1;1;0;2
Turkey;Nevsehir;10;513819;483;364;46;0;1;2;9;0;1;1;0;1;0;2;1;0;0;0;0;0;0;0;0;0;0;0;1
Turkey;Nevsehir;15;513819;373;294;46;0;1;2;8;0;1;1;0;1;0;2;1;0;0;0;0;0;0;0;0;0;0;0;1
Turkey;Nevsehir;20;513819;332;289;46;0;1;2;8;0;1;1;0;1;0;2;1;0;0;0;0;0;0;0;0;0;0;0;1
Turkey;Nevsehir;25;513819;270;252;46;0;1;2;8;0;1;1;0;1;0;2;1;0;0;0;0;0;0;0;0;0;0;0;1
Turkey;Nevsehir;30;513819;243;227;46;0;1;2;8;0;1;1;0;1;0;2;1;0;0;0;0;0;0;0;0;0;0;0;1
Turkey;Nevsehir;50;513819;111;82;46;0;1;1;6;0;0;0;0;1;0;2;1;0;0;0;0;0;0;0;0;0;0;0;1
Turkey;Nevsehir;75;513819;17;20;46;0;0;0;1;0;0;0;0;0;0;0;0;0;0;0;0;0;0;0;0;0;0;0;0
Turkey;Nigde;0;718876;718876;718876;714;9;7;6;30;4;5;8;2;14;3;13;11;2;1;0;1;4;9;14;19;26;15;81;25
Turkey;Nigde;10;718876;7974;4608;714;6;4;5;19;3;3;6;1;9;1;11;8;0;0;0;0;0;7;8;8;18;10;49;15
Turkey;Nigde;15;718876;6570;3720;714;6;4;5;18;3;3;6;1;8;1;10;6;0;0;0;0;0;7;7;8;16;9;30;11
Turkey;Nigde;20;718876;6029;3594;714;6;4;5;18;3;3;6;1;8;1;5;6;0;0;0;0;0;7;7;8;16;9;26;10
Turkey;Nigde;25;718876;4491;2867;714;6;4;5;17;3;3;6;0;7;1;5;6;0;0;0;0;0;7;7;8;15;7;13;9
Turkey;Nigde;30;718876;4170;2699;714;5;4;4;17;3;3;6;0;7;1;5;5;0;0;0;0;0;7;7;7;13;7;9;7
Turkey;Nigde;50;718876;2352;920;714;3;2;4;9;2;2;5;0;3;1;1;2;0;0;0;0;0;2;3;3;2;5;2;5
Turkey;Nigde;75;718876;968;242;714;1;0;0;2;0;0;2;0;1;0;0;0;0;0;0;0;0;1;0;0;0;2;0;4
Turkey;Ordu;0;591220;591220;591220;5329;31;99;12;179;67;53;70;89;66;85;78;98;131;160;179;197;200;299;360;324;360;353;278;177
Turkey;Ordu;10;591220;401494;325587;5329;28;94;11;167;60;49;66;84;64;80;73;89;123;153;171;191;193;289;348;310;339;318;246;155
Turkey;Ordu;15;591220;390252;309121;5329;28;92;11;164;59;49;65;83;63;80;72;87;121;152;171;190;192;287;346;308;334;315;243;153
Turkey;Ordu;20;591220;384604;299514;5329;28;92;11;163;59;49;64;83;63;80;72;86;121;151;170;190;190;287;345;305;332;312;240;152
Turkey;Ordu;25;591220;378411;289361;5329;28;92;11;162;59;49;64;82;63;79;72;86;119;151;170;189;189;286;343;304;330;310;238;151
Turkey;Ordu;30;591220;368071;281500;5329;28;92;11;162;58;49;63;82;63;78;71;86;118;148;167;188;187;282;339;298;325;306;235;148
Turkey;Ordu;50;591220;337072;199922;5329;27;86;8;149;53;45;58;78;60;75;67;79;97;129;150;169;169;262;306;270;306;280;213;136
Turkey;Ordu;75;591220;231612;65681;5329;20;63;5;104;37;35;40;54;49;52;47;63;62;94;112;117;120;210;232;210;244;199;160;113
Turkey;Osmaniye;0;307352;307352;307352;4750;140;78;92;149;115;239;204;242;296;223;155;596;373;518;470;562;490;817;652;934;2347;1538;1073;801
Turkey;Osmaniye;10;307352;80424;79748;4750;136;75;88;139;107;229;192;229;278;209;136;543;318;418;398;474;395;704;542;788;1822;1010;862;681
Turkey;Osmaniye;15;307352;75771;74011;4750;134;73;85;135;105;225;188;224;271;201;134;523;308;400;380;453;377;680;519;765;1758;952;836;662
Turkey;Osmaniye;20;307352;72870;72790;4750;134;72;83;133;103;223;187;221;268;198;132;504;298;380;364;435;360;651;498;736;1680;906;805;638
Turkey;Osmaniye;25;307352;66213;69912;4750;133;72;83;132;103;221;185;219;267;197;131;485;270;335;337;404;320;595;459;661;1485;807;732;588
Turkey;Osmaniye;30;307352;61470;67286;4750;133;72;82;131;102;221;185;218;266;196;130;470;257;317;324;385;302;567;443;624;1372;747;683;550
Turkey;Osmaniye;50;307352;49590;44361;4750;116;59;67;107;89;195;167;188;239;170;115;404;207;248;255;313;241;450;345;483;1065;595;573;467
Turkey;Osmaniye;75;307352;31910;22093;4750;80;38;27;63;51;123;109;115;156;91;76;306;114;124;155;200;123;249;213;286;532;302;385;323
Turkey;Rize;0;364090;364090;364090;1004;24;29;2;34;27;66;115;115;65;45;32;66;98;102;97;186;97;240;108;199;73;104;134;67
Turkey;Rize;10;364090;233679;213028;1004;23;27;2;33;27;64;111;113;65;44;32;62;90;101;96;181;95;182;106;197;72;103;117;64
Turkey;Rize;15;364090;230621;208818;1004;23;27;2;33;27;64;110;113;65;44;32;62;89;101;96;181;95;182;106;197;72;103;116;64
Turkey;Rize;20;364090;229554;207722;1004;23;27;2;33;27;63;110;112;65;44;32;62;89;101;96;180;95;181;106;196;72;103;115;64
Turkey;Rize;25;364090;228779;205170;1004;23;27;2;33;26;63;109;112;65;44;32;62;89;100;96;180;95;180;106;196;72;103;115;63
Turkey;Rize;30;364090;224968;200811;1004;23;27;2;33;26;63;109;112;65;44;32;62;89;100;96;180;95;177;106;196;72;103;111;62
Turkey;Rize;50;364090;216930;178476;1004;22;27;2;31;25;61;106;110;62;43;31;61;86;99;94;179;93;172;106;194;72;102;107;61
Turkey;Rize;75;364090;178832;98863;1004;20;24;2;26;22;52;97;101;53;39;30;54;64;89;88;160;83;150;101;180;66;94;91;56
Turkey;Sakarya;0;470008;470008;470008;3353;348;222;161;610;238;387;381;236;281;285;322;621;311;517;733;1105;1155;1212;945;1584;1536;1185;1097;786
Turkey;Sakarya;10;470008;272067;252256;3353;333;215;154;586;230;368;356;225;263;275;309;599;278;416;521;726;743;755;529;1053;1182;932;891;596
Turkey;Sakarya;15;470008;265608;243919;3353;331;213;154;580;230;366;350;224;261;273;307;597;274;411;513;715;731;739;520;1038;1155;916;879;587
Turkey;Sakarya;20;470008;261726;240649;3353;329;212;153;573;230;363;347;222;258;271;304;594;272;406;506;702;720;727;512;1023;1138;902;871;581
Turkey;Sakarya;25;470008;255680;235808;3353;328;212;151;569;229;360;345;221;257;269;303;592;269;401;500;692;707;711;504;1003;1109;879;856;571
Turkey;Sakarya;30;470008;249093;231637;3353;327;211;151;567;229;359;343;221;256;269;301;590;265;391;484;660;681;689;488;968;1058;848;837;558
Turkey;Sakarya;50;470008;229585;198990;3353;313;203;141;511;220;331;309;209;237;256;288;568;241;348;422;583;586;600;403;761;910;716;769;512
Turkey;Sakarya;75;470008;197217;136945;3353;253;172;112;364;184;248;212;176;194;223;237;520;190;268;303;466;441;475;289;551;748;584;680;439
Turkey;Samsun;0;952160;952160;952160;7581;412;601;114;449;323;270;180;363;225;200;277;258;145;311;481;597;638;1257;1223;1293;1444;996;1165;743
Turkey;Samsun;10;952160;407152;363362;7581;400;588;109;433;307;249;167;341;212;184;267;237;100;173;296;307;314;601;573;607;837;616;725;487
Turkey;Samsun;15;952160;393348;341038;7581;398;586;107;429;304;244;164;332;208;179;260;233;98;165;288;298;305;586;557;577;815;603;707;473
Turkey;Samsun;20;952160;385478;333922;7581;397;584;107;427;301;241;164;320;206;177;256;230;96;154;279;281;298;560;534;560;790;588;681;455
Turkey;Samsun;25;952160;372185;321793;7581;395;583;107;424;300;241;163;317;204;175;255;228;94;132;261;264;292;508;504;534;755;556;632;418
Turkey;Samsun;30;952160;356117;310880;7581;395;582;107;423;298;239;161;313;204;174;254;226;90;115;245;238;280;461;468;506;720;528;596;391
Turkey;Samsun;50;952160;315485;235757;7581;375;560;103;386;283;221;147;242;186;156;214;195;75;80;195;180;229;351;372;398;600;448;494;300
Turkey;Samsun;75;952160;226204;112666;7581;330;493;88;319;251;190;108;174;151;130;165;154;40;45;126;99;144;208;231;223;367;310;332;189
Turkey;Sanliurfa;0;1962260;1962260;1962260;207;30;14;4;15;5;14;5;17;19;11;7;22;6;10;1;0;1;0;0;0;0;0;1;0
Turkey;Sanliurfa;10;1962260;6158;4847;207;22;11;3;9;3;11;3;14;16;10;5;12;0;0;0;0;0;0;0;0;0;0;0;0
Turkey;Sanliurfa;15;1962260;4900;4337;207;21;11;3;8;3;10;3;14;16;10;5;11;0;0;0;0;0;0;0;0;0;0;0;0
Turkey;Sanliurfa;20;1962260;4149;4264;207;20;11;2;8;3;10;3;14;15;10;5;11;0;0;0;0;0;0;0;0;0;0;0;0
Turkey;Sanliurfa;25;1962260;3608;3720;207;20;11;2;8;3;10;3;14;15;10;5;11;0;0;0;0;0;0;0;0;0;0;0;0
Turkey;Sanliurfa;30;1962260;3348;3607;207;20;11;2;8;3;9;3;14;15;10;5;11;0;0;0;0;0;0;0;0;0;0;0;0
Turkey;Sanliurfa;50;1962260;2593;2355;207;15;9;2;5;3;9;2;12;15;9;5;9;0;0;0;0;0;0;0;0;0;0;0;0
Turkey;Sanliurfa;75;1962260;1547;1033;207;10;6;2;2;2;7;2;8;13;7;4;4;0;0;0;0;0;0;0;0;0;0;0;0
Turkey;Siirt;0;498209;498209;498209;2113;27;4;24;5;3;6;19;15;17;27;11;24;24;7;6;0;0;0;2;1;3;11;40;28
Turkey;Siirt;10;498209;7666;4045;2113;22;3;16;1;1;2;10;7;10;19;4;7;10;2;6;0;0;0;2;1;3;9;17;2
Turkey;Siirt;15;498209;6306;3193;2113;20;3;16;1;0;2;10;6;9;18;3;7;8;2;6;0;0;0;2;1;3;8;16;2
Turkey;Siirt;20;498209;5346;3087;2113;19;3;15;1;0;2;10;6;8;18;3;6;8;2;4;0;0;0;2;1;2;8;15;2
Turkey;Siirt;25;498209;4353;2314;2113;19;3;15;1;0;2;10;6;8;18;3;5;7;1;4;0;0;0;2;1;2;8;14;2
Turkey;Siirt;30;498209;3873;2098;2113;19;3;15;1;0;2;10;6;8;18;3;5;7;1;4;0;0;0;2;1;2;7;13;2
Turkey;Siirt;50;498209;1740;691;2113;13;2;12;0;0;0;7;4;8;13;2;2;5;1;4;0;0;0;0;0;2;6;7;1
Turkey;Siirt;75;498209;703;224;2113;9;0;4;0;0;0;4;1;5;8;1;1;4;0;3;0;0;0;0;0;2;5;2;0
Turkey;Sinop;0;601061;601061;601061;9071;129;202;47;826;221;236;135;545;864;705;406;491;799;617;591;431;532;857;1003;818;1776;1060;1231;898
Turkey;Sinop;10;601061;319861;282484;9071;124;195;45;805;217;229;126;522;841;668;390;474;788;592;580;415;514;812;967;687;1577;923;1043;804
Turkey;Sinop;15;601061;302942;261442;9071;123;194;44;793;213;227;124;513;832;650;377;468;785;586;577;409;509;804;956;666;1527;902;1024;784
Turkey;Sinop;20;601061;295748;257544;9071;122;193;44;780;212;226;122;501;825;639;370;463;783;574;575;402;501;791;946;654;1483;887;1007;767
Turkey;Sinop;25;601061;280168;246843;9071;122;192;44;776;210;225;122;496;821;635;368;461;776;553;566;385;482;756;932;625;1383;842;948;708
Turkey;Sinop;30;601061;266416;238194;9071;121;191;44;770;209;225;121;494;816;631;365;459;768;539;558;376;466;733;915;608;1291;796;905;659
Turkey;Sinop;50;601061;232861;181238;9071;108;174;41;633;182;195;109;377;724;522;287;401;732;500;514;347;428;667;842;543;1104;687;789;542
Turkey;Sinop;75;601061;179630;82588;9071;76;127;31;375;124;140;78;214;534;347;211;324;616;377;381;271;304;453;652;405;767;484;522;373
Turkey;Sirnak;0;788261;788261;788261;3934;4;2;8;19;3;20;2;44;28;18;1;33;29;23;0;0;0;0;1;0;0;0;102;39
Turkey;Sirnak;10;788261;18188;10686;3934;1;1;4;6;1;5;0;10;18;10;0;7;11;13;0;0;0;0;1;0;0;0;35;24
Turkey;Sirnak;15;788261;13286;8102;3934;0;1;4;6;0;5;0;10;15;9;0;6;9;11;0;0;0;0;1;0;0;0;32;22
Turkey;Sirnak;20;788261;12020;7750;3934;0;1;4;5;0;5;0;10;15;8;0;6;9;10;0;0;0;0;1;0;0;0;30;22
Turkey;Sirnak;25;788261;8338;6488;3934;0;1;4;5;0;5;0;9;15;7;0;4;6;9;0;0;0;0;0;0;0;0;26;19
Turkey;Sirnak;30;788261;6646;5539;3934;0;1;4;5;0;5;0;9;15;7;0;4;5;8;0;0;0;0;0;0;0;0;23;15
Turkey;Sirnak;50;788261;2170;1286;3934;0;0;3;0;0;1;0;4;8;4;0;1;1;3;0;0;0;0;0;0;0;0;9;7
Turkey;Sirnak;75;788261;634;162;3934;0;0;1;0;0;0;0;0;0;1;0;0;0;0;0;0;0;0;0;0;0;0;2;3
Turkey;Sivas;0;2835138;2835138;2835138;6805;27;64;11;121;63;35;72;23;45;48;88;52;38;81;107;115;132;144;454;424;405;554;489;209
Turkey;Sivas;10;2835138;114170;64692;6805;19;52;8;102;47;27;62;16;35;35;76;37;31;71;96;106;116;135;367;358;358;500;351;121
Turkey;Sivas;15;2835138;92733;55785;6805;18;50;8;98;45;27;62;16;33;34;74;35;29;71;94;104;113;134;354;349;353;486;335;119
Turkey;Sivas;20;2835138;88513;54112;6805;18;50;8;96;45;26;61;15;33;33;74;35;29;71;93;102;111;132;347;345;350;479;329;116
Turkey;Sivas;25;2835138;74038;47232;6805;18;48;7;95;44;26;61;15;32;33;73;35;28;71;91;100;110;131;335;340;346;462;309;111
Turkey;Sivas;30;2835138;69342;45050;6805;18;48;7;95;44;26;61;15;32;33;73;33;28;70;90;97;105;129;325;334;342;449;298;109
Turkey;Sivas;50;2835138;48181;22158;6805;14;37;6;78;36;21;52;13;28;25;65;24;20;44;77;70;70;108;267;273;305;355;230;84
Turkey;Sivas;75;2835138;25292;5883;6805;7;19;3;39;17;9;32;4;13;10;49;14;11;23;42;33;40;69;145;171;181;204;129;48
Turkey;Tekirdag;0;661094;661094;661094;4492;1200;1444;1502;1167;1096;849;172;87;79;32;161;229;96;99;164;139;249;148;199;381;378;255;506;398
Turkey;Tekirdag;10;661094;93571;93019;4492;1194;1434;1488;1160;1088;843;160;79;60;23;147;201;74;80;129;94;171;123;169;290;324;216;396;257
Turkey;Tekirdag;15;661094;91059;89302;4492;1193;1433;1486;1160;1088;843;159;79;59;23;147;198;73;78;122;87;160;121;166;286;319;213;390;250
Turkey;Tekirdag;20;661094;89632;88542;4492;1192;1431;1486;1160;1087;842;158;78;57;21;144;196;71;77;120;85;157;120;165;283;313;212;385;243
Turkey;Tekirdag;25;661094;87132;87039;4492;1192;1430;1484;1160;1086;842;157;77;57;21;144;194;69;75;117;81;151;119;163;277;307;210;377;235
Turkey;Tekirdag;30;661094;84318;85266;4492;1191;1429;1484;1159;1086;841;157;77;57;21;144;189;66;72;111;75;143;116;159;272;300;205;366;228
Turkey;Tekirdag;50;661094;76074;73462;4492;1182;1405;1462;1150;1082;839;154;70;52;17;135;172;56;62;93;58;115;109;139;250;270;188;327;187
Turkey;Tekirdag;75;661094;62462;57065;4492;1133;1322;1386;1110;1049;817;133;40;35;11;112;129;39;48;67;40;74;91;112;195;215;155;227;131
Turkey;Tokat;0;983804;983804;983804;6529;107;311;76;418;281;88;223;92;161;199;273;131;128;117;83;143;246;269;463;407;762;430;536;347
Turkey;Tokat;10;983804;270177;228216;6529;97;281;69;389;267;82;206;73;137;157;249;114;99;77;46;85;152;133;204;189;521;229;231;189
Turkey;Tokat;15;983804;251705;210251;6529;95;277;69;383;264;81;204;71;131;146;239;110;97;73;43;83;144;130;200;185;509;222;224;179
Turkey;Tokat;20;983804;243989;207168;6529;95;275;68;380;261;81;202;71;128;141;235;107;92;69;42;79;127;123;194;180;496;214;219;175
Turkey;Tokat;25;983804;228445;199305;6529;95;273;68;378;260;80;200;70;126;138;233;105;86;64;42;68;109;110;190;174;480;198;214;165
Turkey;Tokat;30;983804;216239;190998;6529;95;273;68;375;259;80;200;70;125;138;232;102;79;58;37;62;89;103;185;160;463;189;208;157
Turkey;Tokat;50;983804;180727;132705;6529;87;217;56;324;233;74;179;62;106;104;190;78;65;42;29;44;56;77;161;131;401;149;174;115
Turkey;Tokat;75;983804;120639;58370;6529;62;121;36;209;153;50;116;37;57;62;124;55;40;25;14;23;32;51;101;90;263;91;111;61
Turkey;Trabzon;0;503188;503188;503188;1724;63;91;6;343;110;345;213;188;161;98;73;195;64;59;56;127;75;106;140;179;190;224;221;137
Turkey;Trabzon;10;503188;291971;258824;1724;60;89;5;303;105;334;205;183;154;95;70;182;60;57;53;121;70;105;138;176;188;223;196;131
Turkey;Trabzon;15;503188;284276;247759;1724;58;88;5;300;104;334;205;183;154;95;70;180;60;57;52;120;69;105;138;176;188;223;194;131
Turkey;Trabzon;20;503188;281074;245388;1724;58;88;5;300;104;332;204;182;154;95;70;180;59;57;52;119;69;105;138;176;188;223;193;131
Turkey;Trabzon;25;503188;278354;239483;1724;57;88;5;300;104;332;204;181;154;95;70;179;59;57;52;119;69;105;138;176;188;223;191;131
Turkey;Trabzon;30;503188;271606;232951;1724;57;88;5;298;102;332;203;180;154;95;70;178;59;56;52;119;68;105;138;175;187;223;187;130
Turkey;Trabzon;50;503188;249290;185098;1724;55;86;5;282;100;323;193;176;149;91;70;170;56;53;51;115;65;103;137;173;186;222;177;129
Turkey;Trabzon;75;503188;177350;78571;1724;46;72;4;231;87;283;160;158;131;83;62;140;44;43;43;89;53;93;126;161;172;209;143;119
Turkey;Tunceli;0;804840;804840;804840;1314;18;15;5;24;12;17;16;8;22;8;14;22;20;18;6;2;2;0;6;1;0;22;67;10
Turkey;Tunceli;10;804840;65038;51013;1314;15;12;5;22;6;14;12;6;19;4;10;18;17;13;5;1;1;0;5;1;0;21;52;9
Turkey;Tunceli;15;804840;58732;46870;1314;14;12;5;21;6;14;12;6;19;4;9;18;16;13;5;1;1;0;5;1;0;20;52;9
Turkey;Tunceli;20;804840;56215;46299;1314;14;12;4;21;6;14;12;6;19;4;9;18;16;13;5;1;1;0;5;1;0;20;51;8
Turkey;Tunceli;25;804840;51173;44406;1314;14;12;4;21;6;13;11;6;19;4;9;18;16;13;5;1;1;0;5;1;0;20;50;8
Turkey;Tunceli;30;804840;48618;42514;1314;14;12;4;21;6;13;11;6;18;3;9;18;15;12;5;1;1;0;5;1;0;20;50;8
Turkey;Tunceli;50;804840;38581;26495;1314;12;10;4;19;5;12;10;5;16;2;8;15;15;10;3;1;1;0;4;1;0;19;46;6
Turkey;Tunceli;75;804840;24354;12554;1314;7;8;3;16;2;10;6;3;12;1;4;12;12;6;2;0;1;0;4;1;0;17;35;4
Turkey;Usak;0;491868;491868;491868;4511;92;189;223;213;241;282;346;318;320;163;336;340;182;286;216;269;408;479;344;540;623;298;802;1327
Turkey;Usak;10;491868;46361;29173;4511;71;162;193;171;168;196;264;222;267;111;268;253;132;183;127;186;282;371;215;350;397;104;499;621
Turkey;Usak;15;491868;40075;23889;4511;57;141;184;152;149;173;244;192;251;95;247;229;119;164;117;175;271;359;186;329;364;88;453;537
Turkey;Usak;20;491868;38323;22880;4511;54;137;183;148;143;168;234;183;245;91;243;224;116;157;114;169;263;352;176;314;351;84;440;510
Turkey;Usak;25;491868;32294;17925;4511;53;135;182;147;143;165;234;181;243;90;241;218;99;126;98;142;232;310;143;260;296;58;352;352
Turkey;Usak;30;491868;30315;17694;4511;53;129;181;144;139;162;233;176;241;89;237;210;93;115;93;134;229;299;130;244;282;53;322;318
Turkey;Usak;50;491868;21390;8419;4511;33;78;127;63;92;109;159;121;176;53;139;122;58;55;67;95;191;246;95;161;207;33;208;156
Turkey;Usak;75;491868;13332;1114;4511;17;52;85;28;39;45;60;49;72;11;49;53;35;23;40;60;136;166;56;92;142;20;134;70
Turkey;Van;0;2110906;2110906;2110906;363;7;5;3;10;1;3;2;1;4;5;2;7;7;5;0;0;0;0;0;0;0;0;23;13
Turkey;Van;10;2110906;4312;878;363;6;5;2;7;1;2;1;1;2;3;1;2;0;2;0;0;0;0;0;0;0;0;3;2
Turkey;Van;15;2110906;2373;707;363;5;5;2;7;1;2;1;1;2;3;1;2;0;2;0;0;0;0;0;0;0;0;3;2
Turkey;Van;20;2110906;1955;690;363;5;5;2;6;1;2;1;1;2;3;1;2;0;2;0;0;0;0;0;0;0;0;3;2
Turkey;Van;25;2110906;1643;588;363;5;5;2;6;1;2;1;1;2;3;1;2;0;2;0;0;0;0;0;0;0;0;3;2
Turkey;Van;30;2110906;1512;544;363;5;5;2;6;1;2;1;1;2;3;1;2;0;2;0;0;0;0;0;0;0;0;2;2
Turkey;Van;50;2110906;1028;205;363;4;4;2;4;1;2;0;1;2;2;1;2;0;1;0;0;0;0;0;0;0;0;2;2
Turkey;Van;75;2110906;449;63;363;2;2;2;3;0;1;0;0;1;0;0;1;0;1;0;0;0;0;0;0;0;0;0;1
Turkey;Yalova;0;65002;65002;65002;299;65;81;25;138;51;97;163;205;448;186;205;166;105;276;242;188;415;102;224;340;597;283;288;107
Turkey;Yalova;10;65002;42661;40255;299;62;78;25;130;48;91;155;194;431;180;201;159;99;265;227;172;385;92;211;326;567;271;268;90
Turkey;Yalova;15;65002;41869;39394;299;62;77;25;129;48;90;154;188;423;177;199;157;98;263;223;170;376;89;207;324;562;270;265;88
Turkey;Yalova;20;65002;41546;39241;299;62;77;24;126;47;90;153;187;417;175;198;157;97;262;221;168;371;88;206;322;558;269;263;86
Turkey;Yalova;25;65002;40851;38907;299;62;77;24;126;46;88;152;186;412;175;198;155;95;258;216;165;357;85;202;318;552;265;259;83
Turkey;Yalova;30;65002;40070;38419;299;61;77;24;124;46;87;151;186;405;174;197;154;94;254;210;163;347;82;198;313;545;262;254;81
Turkey;Yalova;50;65002;38222;35527;299;58;63;20;106;41;80;139;168;356;161;189;144;89;237;197;155;319;72;182;296;513;249;241;74
Turkey;Yalova;75;65002;35046;30507;299;50;54;15;86;34;64;117;131;249;127;163;132;78;206;165;136;269;56;138;257;457;226;222;61
Turkey;Yozgat;0;1315726;1315726;1315726;3050;40;334;10;330;637;27;903;14;96;35;518;27;36;23;59;38;30;113;501;487;599;865;1326;696
Turkey;Yozgat;10;1315726;97419;73125;3050;20;238;7;252;612;21;864;10;73;25;494;16;30;17;56;32;25;104;449;411;547;771;939;551
Turkey;Yozgat;15;1315726;88612;66903;3050;20;228;7;244;606;20;857;10;69;24;487;16;29;17;56;32;25;102;445;404;543;759;903;540
Turkey;Yozgat;20;1315726;84912;65610;3050;19;224;7;238;604;20;856;10;66;22;484;16;28;16;55;32;24;101;438;395;538;742;857;521
Turkey;Yozgat;25;1315726;78707;59722;3050;19;222;7;232;602;20;855;10;63;21;483;16;27;13;55;31;24;100;433;390;532;728;825;510
Turkey;Yozgat;30;1315726;75081;56996;3050;19;218;7;230;601;20;854;10;63;20;482;15;27;11;54;30;23;98;428;382;527;715;795;497
Turkey;Yozgat;50;1315726;56523;31904;3050;10;141;5;172;553;18;783;9;45;14;439;12;21;5;48;24;18;89;388;338;482;622;654;408
Turkey;Yozgat;75;1315726;35671;13986;3050;3;57;1;75;445;8;609;2;18;6;350;6;14;3;37;15;10;70;280;239;382;430;430;256
Turkey;Zinguldak;0;305951;305951;305951;3148;7;23;26;39;31;44;49;110;75;78;91;50;42;157;167;213;227;192;85;105;295;383;647;365
Turkey;Zinguldak;10;305951;197095;185378;3148;5;18;20;33;23;34;41;98;67;70;83;48;38;138;154;188;170;174;74;92;266;343;533;343
Turkey;Zinguldak;15;305951;191636;177968;3148;4;17;19;32;23;33;41;97;67;68;81;47;37;137;153;185;164;171;72;90;261;339;524;341
Turkey;Zinguldak;20;305951;189561;175756;3148;4;17;19;31;22;32;40;97;66;68;81;47;37;136;152;185;162;170;71;89;260;337;519;340
Turkey;Zinguldak;25;305951;186166;172476;3148;4;17;19;31;22;31;39;96;66;67;80;47;37;134;151;183;159;168;70;87;256;334;512;339
Turkey;Zinguldak;30;305951;178918;168070;3148;4;17;18;31;22;31;39;96;66;67;80;46;36;131;148;179;149;164;67;84;251;326;499;336
Turkey;Zinguldak;50;305951;164596;146766;3148;3;14;16;29;16;25;35;90;59;63;74;43;34;123;138;169;132;154;62;78;237;307;463;324
Turkey;Zinguldak;75;305951;134284;87216;3148;2;10;9;22;9;14;24;68;41;53;59;32;27;98;109;147;108;120;49;69;197;250;374;286
Turkey;Çanakkale;0;977722;977722;977722;11019;1054;1945;957;1156;1880;930;1156;2049;1097;810;710;1320;1937;1876;1588;1958;2508;2626;3500;3831;3176;2448;6727;5018
Turkey;Çanakkale;10;977722;397763;393557;11019;1017;1905;924;1062;1791;868;1077;1873;1005;755;637;1212;1728;1646;1379;1657;1942;2256;2910;3313;2670;2012;5292;4184
Turkey;Çanakkale;15;977722;378944;375259;11019;990;1889;911;1037;1767;855;1055;1833;985;743;621;1192;1694;1607;1349;1616;1875;2212;2846;3246;2617;1963;5092;4047
Turkey;Çanakkale;20;977722;367435;371169;11019;980;1877;905;1023;1751;844;1049;1812;974;738;615;1177;1657;1580;1316;1580;1808;2165;2759;3184;2555;1892;4948;3947
Turkey;Çanakkale;25;977722;346527;361351;11019;974;1871;901;1014;1745;840;1042;1802;970;733;610;1144;1595;1506;1251;1499;1709;2083;2634;3051;2448;1791;4614;3724
Turkey;Çanakkale;30;977722;327750;352055;11019;960;1866;894;1006;1741;835;1038;1797;968;730;605;1117;1551;1443;1195;1421;1589;2012;2515;2947;2349;1704;4374;3536
Turkey;Çanakkale;50;977722;267141;277138;11019;750;1687;781;740;1521;735;915;1531;857;658;521;926;1297;1204;959;1125;1189;1670;2019;2409;1914;1321;3442;2801
Turkey;Çanakkale;75;977722;179078;200690;11019;523;1287;587;329;909;471;587;1002;589;440;356;647;824;778;586;637;659;1038;1172;1432;1138;727;2095;1746
Turkey;Çankiri;0;792070;792070;792070;6441;8;170;4;175;12;213;146;26;113;23;52;61;40;54;78;123;115;341;356;285;478;429;639;308
Turkey;Çankiri;10;792070;133684;111243;6441;6;164;3;167;10;196;141;24;105;19;49;38;34;50;74;112;104;327;330;277;439;403;593;286
Turkey;Çankiri;15;792070;122648;102462;6441;5;159;3;163;10;192;138;22;104;17;47;36;33;50;74;110;103;325;328;276;432;399;588;281
Turkey;Çankiri;20;792070;118077;101249;6441;5;157;3;161;10;191;137;22;101;17;46;35;33;49;74;108;101;322;324;272;428;392;585;276
Turkey;Çankiri;25;792070;110698;92698;6441;5;157;3;160;10;190;137;22;100;17;46;34;32;48;73;106;100;318;321;269;422;386;578;266
Turkey;Çankiri;30;792070;104591;89484;6441;5;157;3;159;10;189;137;22;100;17;46;34;31;48;72;101;97;304;309;265;413;376;568;259
Turkey;Çankiri;50;792070;81920;62240;6441;4;134;2;134;9;150;111;17;93;15;42;29;27;44;67;83;84;265;277;237;362;327;519;216
Turkey;Çankiri;75;792070;60171;39583;6441;2;92;2;84;6;104;76;13;80;12;35;24;20;33;56;62;68;215;209;179;286;253;417;155
Turkey;Çorum;0;1231290;1231290;1231290;10747;150;690;16;832;220;155;120;80;447;143;149;120;119;74;62;94;119;180;359;171;659;547;1229;599
Turkey;Çorum;10;1231290;195742;161000;10747;112;560;13;729;192;123;105;73;361;114;120;97;114;67;58;84;109;169;320;147;583;503;1081;514
Turkey;Çorum;15;1231290;177376;141531;10747;109;539;12;710;186;119;103;71;347;111;116;95;112;67;57;83;107;167;319;145;577;494;1063;502
Turkey;Çorum;20;1231290;167148;138630;10747;108;534;12;698;183;117;101;70;338;108;108;92;112;64;56;81;100;164;314;142;569;486;1042;489
Turkey;Çorum;25;1231290;148003;121842;10747;107;528;12;690;182;115;100;70;334;108;106;91;110;62;54;79;92;155;308;139;557;472;1012;475
Turkey;Çorum;30;1231290;137297;117747;10747;106;526;12;687;179;114;100;70;331;107;105;90;109;59;53;73;83;150;302;134;545;456;985;457
Turkey;Çorum;50;1231290;99093;73620;10747;73;379;7;511;135;79;82;63;241;86;74;76;94;54;43;59;61;129;279;116;466;369;830;378
Turkey;Çorum;75;1231290;64152;34398;10747;24;173;3;269;68;29;59;42;141;60;53;56;63;38;32;34;36;103;199;67;344;245;579;261
